row_key,track,label,group,metric_key,metric_type,delta,ci_low,ci_high,n,plus_value,minus_value,source_plus,source_minus
maple_1b,base,MAPLE 1B Base,MAPLE family,localnewsqa_overall,accuracy_pp_gain,2.2913530690750963,1.8756620393599823,2.496236828901154,35874,34.526397948374864,32.23504487929977,/path/to/metacul/results/downstream_localnewsqa_pretrained_figure9_frozen_full_multiseed/1b_codeg_labels_question_final/seed_41/localnewsqa_eval_target_with_metadata_custom_frozenfig9_1b_tplus_eplus_seed41_c0.jsonl,/path/to/metacul/results/downstream_localnewsqa_pretrained_figure9_frozen_full_multiseed/1b_codeg_labels_question_final/seed_41/localnewsqa_eval_target_without_metadata_custom_frozenfig9_1b_tminus_eminus_seed41_c0.jsonl
maple_1b,base,MAPLE 1B Base,MAPLE family,localnewsqa_ambiguous,accuracy_pp_gain,4.369553293924066,4.016850508867085,4.448016332500457,16409,38.960326650009144,34.59077335608507,/path/to/metacul/results/downstream_localnewsqa_pretrained_figure9_frozen_full_multiseed/1b_codeg_labels_question_final/seed_41/localnewsqa_eval_target_with_metadata_custom_frozenfig9_1b_tplus_eplus_seed41_c0.jsonl,/path/to/metacul/results/downstream_localnewsqa_pretrained_figure9_frozen_full_multiseed/1b_codeg_labels_question_final/seed_41/localnewsqa_eval_target_without_metadata_custom_frozenfig9_1b_tminus_eminus_seed41_c0.jsonl
maple_1b,base,MAPLE 1B Base,MAPLE family,localnewsqa_explicit,accuracy_pp_gain,0.5394297456974056,0.04854867711276651,1.0701258669406628,19465,30.788594913948113,30.24916516825071,/path/to/metacul/results/downstream_localnewsqa_pretrained_figure9_frozen_full_multiseed/1b_codeg_labels_question_final/seed_41/localnewsqa_eval_target_with_metadata_custom_frozenfig9_1b_tplus_eplus_seed41_c0.jsonl,/path/to/metacul/results/downstream_localnewsqa_pretrained_figure9_frozen_full_multiseed/1b_codeg_labels_question_final/seed_41/localnewsqa_eval_target_without_metadata_custom_frozenfig9_1b_tminus_eminus_seed41_c0.jsonl
maple_1b,base,MAPLE 1B Base,MAPLE family,localnewsqa_exact_pair,paired_metric_pp_gain,2.6448899993905783,2.594155646291669,2.851026875495155,16409,2.6448899993905783,0.0,/path/to/metacul/results/downstream_localnewsqa_pretrained_figure9_frozen_full_multiseed/1b_codeg_labels_question_final/seed_41/localnewsqa_eval_target_with_metadata_custom_frozenfig9_1b_tplus_eplus_seed41_c0.jsonl|/path/to/metacul/results/downstream_localnewsqa_pretrained_figure9_contrast_full_multiseed/1b_codeg_labels_question_final/seed_41/localnewsqa_eval_contrast_with_metadata_custom_frozenfig9contrast_1b_tplus_eplus_seed41_c0.jsonl,/path/to/metacul/results/downstream_localnewsqa_pretrained_figure9_frozen_full_multiseed/1b_codeg_labels_question_final/seed_41/localnewsqa_eval_target_without_metadata_custom_frozenfig9_1b_tminus_eminus_seed41_c0.jsonl|/path/to/metacul/results/downstream_localnewsqa_pretrained_figure9_contrast_full_multiseed/1b_codeg_labels_question_final/seed_41/localnewsqa_eval_contrast_without_metadata_custom_frozenfig9contrast_1b_tminus_eminus_seed41_c0.jsonl
maple_1b,base,MAPLE 1B Base,MAPLE family,localnewsqa_margin_switch,paired_metric_pp_gain,6.118593454811385,5.934548113839966,6.4510329697117434,16409,6.118593454811385,0.0,/path/to/metacul/results/downstream_localnewsqa_pretrained_figure9_frozen_full_multiseed/1b_codeg_labels_question_final/seed_41/localnewsqa_eval_target_with_metadata_custom_frozenfig9_1b_tplus_eplus_seed41_c0.jsonl|/path/to/metacul/results/downstream_localnewsqa_pretrained_figure9_contrast_full_multiseed/1b_codeg_labels_question_final/seed_41/localnewsqa_eval_contrast_with_metadata_custom_frozenfig9contrast_1b_tplus_eplus_seed41_c0.jsonl,/path/to/metacul/results/downstream_localnewsqa_pretrained_figure9_frozen_full_multiseed/1b_codeg_labels_question_final/seed_41/localnewsqa_eval_target_without_metadata_custom_frozenfig9_1b_tminus_eminus_seed41_c0.jsonl|/path/to/metacul/results/downstream_localnewsqa_pretrained_figure9_contrast_full_multiseed/1b_codeg_labels_question_final/seed_41/localnewsqa_eval_contrast_without_metadata_custom_frozenfig9contrast_1b_tminus_eminus_seed41_c0.jsonl
maple_1b,chat,MAPLE 1B Chat,MAPLE family,localnewsqa_overall,accuracy_pp_gain,2.299715671516976,1.9421447287729274,2.655892847187378,35874,35.6358365389976,33.33612086748063,/path/to/metacul/results/downstream_localnewsqa_sft_figure9_1b_checkpoint_nameplain_countrycue_beta025_multiseed_contrib2/ckpt_7764/1b_chat_nameplain_country_final_qanswer_nolabel_qmask025_bos/seed_41/localnewsqa_eval_target_with_metadata_custom_1b_chat_nameplain_country_final_qanswer_nolabel_qmask025_bos_tplus_eplus_seed41_c0.jsonl,/path/to/metacul/results/downstream_localnewsqa_sft_figure9_1b_checkpoint_nameplain_countrycue_beta025_multiseed_contrib2/ckpt_7764/1b_chat_nameplain_country_final_qanswer_nolabel_qmask025_bos/seed_41/localnewsqa_eval_target_without_metadata_custom_1b_chat_nameplain_country_final_qanswer_nolabel_qmask025_bos_tminus_eminus_seed41_c0.jsonl
maple_1b,chat,MAPLE 1B Chat,MAPLE family,localnewsqa_ambiguous,accuracy_pp_gain,4.393930160277897,3.495033213480407,5.0322993479188245,16409,36.102139070022545,31.708208909744652,/path/to/metacul/results/downstream_localnewsqa_sft_figure9_1b_checkpoint_nameplain_countrycue_beta025_multiseed_contrib2/ckpt_7764/1b_chat_nameplain_country_final_qanswer_nolabel_qmask025_bos/seed_41/localnewsqa_eval_target_with_metadata_custom_1b_chat_nameplain_country_final_qanswer_nolabel_qmask025_bos_tplus_eplus_seed41_c0.jsonl,/path/to/metacul/results/downstream_localnewsqa_sft_figure9_1b_checkpoint_nameplain_countrycue_beta025_multiseed_contrib2/ckpt_7764/1b_chat_nameplain_country_final_qanswer_nolabel_qmask025_bos/seed_41/localnewsqa_eval_target_without_metadata_custom_1b_chat_nameplain_country_final_qanswer_nolabel_qmask025_bos_tminus_eminus_seed41_c0.jsonl
maple_1b,chat,MAPLE 1B Chat,MAPLE family,localnewsqa_explicit,accuracy_pp_gain,0.5342923195479065,-0.030053942974569745,1.1837914204983304,19465,35.242743385563834,34.708451066015925,/path/to/metacul/results/downstream_localnewsqa_sft_figure9_1b_checkpoint_nameplain_countrycue_beta025_multiseed_contrib2/ckpt_7764/1b_chat_nameplain_country_final_qanswer_nolabel_qmask025_bos/seed_41/localnewsqa_eval_target_with_metadata_custom_1b_chat_nameplain_country_final_qanswer_nolabel_qmask025_bos_tplus_eplus_seed41_c0.jsonl,/path/to/metacul/results/downstream_localnewsqa_sft_figure9_1b_checkpoint_nameplain_countrycue_beta025_multiseed_contrib2/ckpt_7764/1b_chat_nameplain_country_final_qanswer_nolabel_qmask025_bos/seed_41/localnewsqa_eval_target_without_metadata_custom_1b_chat_nameplain_country_final_qanswer_nolabel_qmask025_bos_tminus_eminus_seed41_c0.jsonl
maple_1b,chat,MAPLE 1B Chat,MAPLE family,localnewsqa_exact_pair,paired_metric_pp_gain,3.796696934609056,3.64464623072704,3.9496617709793407,16409,4.034371381558901,0.23767444694984458,/path/to/metacul/results/downstream_localnewsqa_sft_figure9_1b_checkpoint_nameplain_countrycue_beta025_multiseed_contrib2/ckpt_7764/1b_chat_nameplain_country_final_qanswer_nolabel_qmask025_bos/seed_41/localnewsqa_eval_target_with_metadata_custom_1b_chat_nameplain_country_final_qanswer_nolabel_qmask025_bos_tplus_eplus_seed41_c0.jsonl|/path/to/metacul/results/downstream_localnewsqa_sft_figure9_1b_checkpoint_nameplain_countrycue_beta025_contrast_multiseed/ckpt_7764/1b_chat_nameplain_country_final_qanswer_nolabel_qmask025_bos/seed_41/localnewsqa_eval_contrast_with_metadata_custom_1b_chat_nameplain_country_final_qanswer_nolabel_qmask025_bos_tplus_eplus_seed41_c0.jsonl,/path/to/metacul/results/downstream_localnewsqa_sft_figure9_1b_checkpoint_nameplain_countrycue_beta025_multiseed_contrib2/ckpt_7764/1b_chat_nameplain_country_final_qanswer_nolabel_qmask025_bos/seed_41/localnewsqa_eval_target_without_metadata_custom_1b_chat_nameplain_country_final_qanswer_nolabel_qmask025_bos_tminus_eminus_seed41_c0.jsonl|/path/to/metacul/results/downstream_localnewsqa_sft_figure9_1b_checkpoint_nameplain_countrycue_beta025_contrast_multiseed/ckpt_7764/1b_chat_nameplain_country_final_qanswer_nolabel_qmask025_bos/seed_41/localnewsqa_eval_contrast_without_metadata_custom_1b_chat_nameplain_country_final_qanswer_nolabel_qmask025_bos_tminus_eminus_seed41_c0.jsonl
maple_1b,chat,MAPLE 1B Chat,MAPLE family,localnewsqa_margin_switch,paired_metric_pp_gain,9.324151380340057,8.947833506002803,9.479553903345726,16409,9.872630873301237,0.5484794929611798,/path/to/metacul/results/downstream_localnewsqa_sft_figure9_1b_checkpoint_nameplain_countrycue_beta025_multiseed_contrib2/ckpt_7764/1b_chat_nameplain_country_final_qanswer_nolabel_qmask025_bos/seed_41/localnewsqa_eval_target_with_metadata_custom_1b_chat_nameplain_country_final_qanswer_nolabel_qmask025_bos_tplus_eplus_seed41_c0.jsonl|/path/to/metacul/results/downstream_localnewsqa_sft_figure9_1b_checkpoint_nameplain_countrycue_beta025_contrast_multiseed/ckpt_7764/1b_chat_nameplain_country_final_qanswer_nolabel_qmask025_bos/seed_41/localnewsqa_eval_contrast_with_metadata_custom_1b_chat_nameplain_country_final_qanswer_nolabel_qmask025_bos_tplus_eplus_seed41_c0.jsonl,/path/to/metacul/results/downstream_localnewsqa_sft_figure9_1b_checkpoint_nameplain_countrycue_beta025_multiseed_contrib2/ckpt_7764/1b_chat_nameplain_country_final_qanswer_nolabel_qmask025_bos/seed_41/localnewsqa_eval_target_without_metadata_custom_1b_chat_nameplain_country_final_qanswer_nolabel_qmask025_bos_tminus_eminus_seed41_c0.jsonl|/path/to/metacul/results/downstream_localnewsqa_sft_figure9_1b_checkpoint_nameplain_countrycue_beta025_contrast_multiseed/ckpt_7764/1b_chat_nameplain_country_final_qanswer_nolabel_qmask025_bos/seed_41/localnewsqa_eval_contrast_without_metadata_custom_1b_chat_nameplain_country_final_qanswer_nolabel_qmask025_bos_tminus_eminus_seed41_c0.jsonl
maple_3b,base,MAPLE 3B Base,MAPLE family,localnewsqa_overall,accuracy_pp_gain,4.9813235212131355,4.6191531471260525,5.461615654791771,35874,36.201705970898146,31.220382449685008,/path/to/metacul/results/downstream_localnewsqa_pretrained_figure9_frozen_full_multiseed/3b_name_grounded_final_answer_colon_qanswer_nolabel_qmask_bos/seed_41/localnewsqa_eval_target_with_metadata_custom_frozenfig9_3b_tplus_eplus_seed41_c0.jsonl,/path/to/metacul/results/downstream_localnewsqa_pretrained_figure9_frozen_full_multiseed/3b_name_grounded_final_answer_colon_qanswer_nolabel_qmask_bos/seed_41/localnewsqa_eval_target_without_metadata_custom_frozenfig9_3b_tminus_eminus_seed41_c0.jsonl
maple_3b,base,MAPLE 3B Base,MAPLE family,localnewsqa_ambiguous,accuracy_pp_gain,7.910293131817905,7.1783777195441525,8.576543360351026,16409,39.64897312450484,31.73867999268694,/path/to/metacul/results/downstream_localnewsqa_pretrained_figure9_frozen_full_multiseed/3b_name_grounded_final_answer_colon_qanswer_nolabel_qmask_bos/seed_41/localnewsqa_eval_target_with_metadata_custom_frozenfig9_3b_tplus_eplus_seed41_c0.jsonl,/path/to/metacul/results/downstream_localnewsqa_pretrained_figure9_frozen_full_multiseed/3b_name_grounded_final_answer_colon_qanswer_nolabel_qmask_bos/seed_41/localnewsqa_eval_target_without_metadata_custom_frozenfig9_3b_tminus_eminus_seed41_c0.jsonl
maple_3b,base,MAPLE 3B Base,MAPLE family,localnewsqa_explicit,accuracy_pp_gain,2.5122013871050606,2.0407141022347806,3.277806319034164,19465,33.29565887490367,30.783457487798614,/path/to/metacul/results/downstream_localnewsqa_pretrained_figure9_frozen_full_multiseed/3b_name_grounded_final_answer_colon_qanswer_nolabel_qmask_bos/seed_41/localnewsqa_eval_target_with_metadata_custom_frozenfig9_3b_tplus_eplus_seed41_c0.jsonl,/path/to/metacul/results/downstream_localnewsqa_pretrained_figure9_frozen_full_multiseed/3b_name_grounded_final_answer_colon_qanswer_nolabel_qmask_bos/seed_41/localnewsqa_eval_target_without_metadata_custom_frozenfig9_3b_tminus_eminus_seed41_c0.jsonl
maple_3b,base,MAPLE 3B Base,MAPLE family,localnewsqa_exact_pair,paired_metric_pp_gain,6.362362118349687,6.014687061978183,6.528581875799866,16409,6.362362118349687,0.0,/path/to/metacul/results/downstream_localnewsqa_pretrained_figure9_frozen_full_multiseed/3b_name_grounded_final_answer_colon_qanswer_nolabel_qmask_bos/seed_41/localnewsqa_eval_target_with_metadata_custom_frozenfig9_3b_tplus_eplus_seed41_c0.jsonl|/path/to/metacul/results/downstream_localnewsqa_pretrained_figure9_contrast_full_multiseed/3b_name_grounded_final_answer_colon_qanswer_nolabel_qmask_bos/seed_41/localnewsqa_eval_contrast_with_metadata_custom_frozenfig9contrast_3b_tplus_eplus_seed41_c0.jsonl,/path/to/metacul/results/downstream_localnewsqa_pretrained_figure9_frozen_full_multiseed/3b_name_grounded_final_answer_colon_qanswer_nolabel_qmask_bos/seed_41/localnewsqa_eval_target_without_metadata_custom_frozenfig9_3b_tminus_eminus_seed41_c0.jsonl|/path/to/metacul/results/downstream_localnewsqa_pretrained_figure9_contrast_full_multiseed/3b_name_grounded_final_answer_colon_qanswer_nolabel_qmask_bos/seed_41/localnewsqa_eval_contrast_without_metadata_custom_frozenfig9contrast_3b_tminus_eminus_seed41_c0.jsonl
maple_3b,base,MAPLE 3B Base,MAPLE family,localnewsqa_margin_switch,paired_metric_pp_gain,15.387896885855323,15.084404899750137,15.961819733073314,16409,15.387896885855323,0.0,/path/to/metacul/results/downstream_localnewsqa_pretrained_figure9_frozen_full_multiseed/3b_name_grounded_final_answer_colon_qanswer_nolabel_qmask_bos/seed_41/localnewsqa_eval_target_with_metadata_custom_frozenfig9_3b_tplus_eplus_seed41_c0.jsonl|/path/to/metacul/results/downstream_localnewsqa_pretrained_figure9_contrast_full_multiseed/3b_name_grounded_final_answer_colon_qanswer_nolabel_qmask_bos/seed_41/localnewsqa_eval_contrast_with_metadata_custom_frozenfig9contrast_3b_tplus_eplus_seed41_c0.jsonl,/path/to/metacul/results/downstream_localnewsqa_pretrained_figure9_frozen_full_multiseed/3b_name_grounded_final_answer_colon_qanswer_nolabel_qmask_bos/seed_41/localnewsqa_eval_target_without_metadata_custom_frozenfig9_3b_tminus_eminus_seed41_c0.jsonl|/path/to/metacul/results/downstream_localnewsqa_pretrained_figure9_contrast_full_multiseed/3b_name_grounded_final_answer_colon_qanswer_nolabel_qmask_bos/seed_41/localnewsqa_eval_contrast_without_metadata_custom_frozenfig9contrast_3b_tminus_eminus_seed41_c0.jsonl
maple_3b,chat,MAPLE 3B Chat,MAPLE family,localnewsqa_overall,accuracy_pp_gain,4.9199977699726825,4.42430451023025,5.366212298600658,35874,40.82343758711044,35.90343981713776,/path/to/metacul/results/downstream_localnewsqa_sft_figure9_full_multiseed/3b_best3b_chat_name_grounded_final_answer_colon_qanswer_nolabel_qmask_bos/seed_41/localnewsqa_eval_target_with_metadata_custom_sftfig9_3b_best3b_chat_tplus_eplus_seed41_c0.jsonl,/path/to/metacul/results/downstream_localnewsqa_sft_figure9_full_multiseed/3b_best3b_chat_name_grounded_final_answer_colon_qanswer_nolabel_qmask_bos/seed_41/localnewsqa_eval_target_without_metadata_custom_sftfig9_3b_best3b_chat_tminus_eminus_seed41_c0.jsonl
maple_3b,chat,MAPLE 3B Chat,MAPLE family,localnewsqa_ambiguous,accuracy_pp_gain,8.842708269851911,8.011914193430433,9.727893229325371,16409,41.97086964470717,33.12816137485527,/path/to/metacul/results/downstream_localnewsqa_sft_figure9_full_multiseed/3b_best3b_chat_name_grounded_final_answer_colon_qanswer_nolabel_qmask_bos/seed_41/localnewsqa_eval_target_with_metadata_custom_sftfig9_3b_best3b_chat_tplus_eplus_seed41_c0.jsonl,/path/to/metacul/results/downstream_localnewsqa_sft_figure9_full_multiseed/3b_best3b_chat_name_grounded_final_answer_colon_qanswer_nolabel_qmask_bos/seed_41/localnewsqa_eval_target_without_metadata_custom_sftfig9_3b_best3b_chat_tminus_eminus_seed41_c0.jsonl
maple_3b,chat,MAPLE 3B Chat,MAPLE family,localnewsqa_explicit,accuracy_pp_gain,1.6131518109427176,0.5755201643976369,2.4058566658104295,19465,39.85615206781403,38.243000256871305,/path/to/metacul/results/downstream_localnewsqa_sft_figure9_full_multiseed/3b_best3b_chat_name_grounded_final_answer_colon_qanswer_nolabel_qmask_bos/seed_41/localnewsqa_eval_target_with_metadata_custom_sftfig9_3b_best3b_chat_tplus_eplus_seed41_c0.jsonl,/path/to/metacul/results/downstream_localnewsqa_sft_figure9_full_multiseed/3b_best3b_chat_name_grounded_final_answer_colon_qanswer_nolabel_qmask_bos/seed_41/localnewsqa_eval_target_without_metadata_custom_sftfig9_3b_best3b_chat_tminus_eminus_seed41_c0.jsonl
maple_3b,chat,MAPLE 3B Chat,MAPLE family,localnewsqa_exact_pair,paired_metric_pp_gain,4.582850874520081,4.253915534158084,4.8345420196233775,16409,5.972332256688403,1.3894813821683223,/path/to/metacul/results/downstream_localnewsqa_sft_figure9_full_multiseed/3b_best3b_chat_name_grounded_final_answer_colon_qanswer_nolabel_qmask_bos/seed_41/localnewsqa_eval_target_with_metadata_custom_sftfig9_3b_best3b_chat_tplus_eplus_seed41_c0.jsonl|/path/to/metacul/results/downstream_localnewsqa_sft_figure9_contrast_full_multiseed/3b_best3b_chat_name_grounded_final_answer_colon_qanswer_nolabel_qmask_bos/seed_41/localnewsqa_eval_contrast_with_metadata_custom_sftfig9_3b_best3b_chat_tplus_eplus_seed41_c0.jsonl,/path/to/metacul/results/downstream_localnewsqa_sft_figure9_full_multiseed/3b_best3b_chat_name_grounded_final_answer_colon_qanswer_nolabel_qmask_bos/seed_41/localnewsqa_eval_target_without_metadata_custom_sftfig9_3b_best3b_chat_tminus_eminus_seed41_c0.jsonl|/path/to/metacul/results/downstream_localnewsqa_sft_figure9_contrast_full_multiseed/3b_best3b_chat_name_grounded_final_answer_colon_qanswer_nolabel_qmask_bos/seed_41/localnewsqa_eval_contrast_without_metadata_custom_sftfig9_3b_best3b_chat_tminus_eminus_seed41_c0.jsonl
maple_3b,chat,MAPLE 3B Chat,MAPLE family,localnewsqa_margin_switch,paired_metric_pp_gain,9.208361265159363,8.54393930160278,9.674111767932233,16409,13.13303674812603,3.924675482966665,/path/to/metacul/results/downstream_localnewsqa_sft_figure9_full_multiseed/3b_best3b_chat_name_grounded_final_answer_colon_qanswer_nolabel_qmask_bos/seed_41/localnewsqa_eval_target_with_metadata_custom_sftfig9_3b_best3b_chat_tplus_eplus_seed41_c0.jsonl|/path/to/metacul/results/downstream_localnewsqa_sft_figure9_contrast_full_multiseed/3b_best3b_chat_name_grounded_final_answer_colon_qanswer_nolabel_qmask_bos/seed_41/localnewsqa_eval_contrast_with_metadata_custom_sftfig9_3b_best3b_chat_tplus_eplus_seed41_c0.jsonl,/path/to/metacul/results/downstream_localnewsqa_sft_figure9_full_multiseed/3b_best3b_chat_name_grounded_final_answer_colon_qanswer_nolabel_qmask_bos/seed_41/localnewsqa_eval_target_without_metadata_custom_sftfig9_3b_best3b_chat_tminus_eminus_seed41_c0.jsonl|/path/to/metacul/results/downstream_localnewsqa_sft_figure9_contrast_full_multiseed/3b_best3b_chat_name_grounded_final_answer_colon_qanswer_nolabel_qmask_bos/seed_41/localnewsqa_eval_contrast_without_metadata_custom_sftfig9_3b_best3b_chat_tminus_eminus_seed41_c0.jsonl
llama32_1b,base,LLaMA-3.2-1B Base,LLaMA family,localnewsqa_overall,accuracy_pp_gain,0.10035122930255895,-0.03637732062217762,0.3916485476947093,35874,36.49997212465853,36.399620895355966,/path/to/metacul/results/final_benchmark_matrix/localnewsqa/llama32_1b/base/seed_41/target/localnewsqa_llama32_1b_base_with_metadata_target_matrix_llama32_1b_base_seed41.jsonl,/path/to/metacul/results/final_benchmark_matrix/localnewsqa/llama32_1b/base/seed_41/target/localnewsqa_llama32_1b_base_without_metadata_target_matrix_llama32_1b_base_seed41.jsonl
llama32_1b,base,LLaMA-3.2-1B Base,LLaMA family,localnewsqa_ambiguous,accuracy_pp_gain,2.084222073252483,1.7682369431409592,2.3278383813760737,16409,41.92211591199951,39.83789383874703,/path/to/metacul/results/final_benchmark_matrix/localnewsqa/llama32_1b/base/seed_41/target/localnewsqa_llama32_1b_base_with_metadata_target_matrix_llama32_1b_base_seed41.jsonl,/path/to/metacul/results/final_benchmark_matrix/localnewsqa/llama32_1b/base/seed_41/target/localnewsqa_llama32_1b_base_without_metadata_target_matrix_llama32_1b_base_seed41.jsonl
llama32_1b,base,LLaMA-3.2-1B Base,LLaMA family,localnewsqa_explicit,accuracy_pp_gain,-1.572052401746725,-2.1360133573079887,-1.11353711790393,19465,31.929103519136916,33.50115592088363,/path/to/metacul/results/final_benchmark_matrix/localnewsqa/llama32_1b/base/seed_41/target/localnewsqa_llama32_1b_base_with_metadata_target_matrix_llama32_1b_base_seed41.jsonl,/path/to/metacul/results/final_benchmark_matrix/localnewsqa/llama32_1b/base/seed_41/target/localnewsqa_llama32_1b_base_without_metadata_target_matrix_llama32_1b_base_seed41.jsonl
llama32_1b,base,LLaMA-3.2-1B Base,LLaMA family,localnewsqa_exact_pair,paired_metric_pp_gain,2.754585897982814,2.575263574867451,2.97123529770248,16409,2.754585897982814,0.0,/path/to/metacul/results/final_benchmark_matrix/localnewsqa/llama32_1b/base/seed_41/target/localnewsqa_llama32_1b_base_with_metadata_target_matrix_llama32_1b_base_seed41.jsonl|/path/to/metacul/results/final_benchmark_matrix/localnewsqa/llama32_1b/base/seed_41/contrast/localnewsqa_llama32_1b_base_with_metadata_contrast_matrix_llama32_1b_base_seed41.jsonl,/path/to/metacul/results/final_benchmark_matrix/localnewsqa/llama32_1b/base/seed_41/target/localnewsqa_llama32_1b_base_without_metadata_target_matrix_llama32_1b_base_seed41.jsonl|/path/to/metacul/results/final_benchmark_matrix/localnewsqa/llama32_1b/base/seed_41/contrast/localnewsqa_llama32_1b_base_without_metadata_contrast_matrix_llama32_1b_base_seed41.jsonl
llama32_1b,base,LLaMA-3.2-1B Base,LLaMA family,localnewsqa_margin_switch,paired_metric_pp_gain,6.5208117496495825,6.25159973185447,6.823084892437077,16409,6.5208117496495825,0.0,/path/to/metacul/results/final_benchmark_matrix/localnewsqa/llama32_1b/base/seed_41/target/localnewsqa_llama32_1b_base_with_metadata_target_matrix_llama32_1b_base_seed41.jsonl|/path/to/metacul/results/final_benchmark_matrix/localnewsqa/llama32_1b/base/seed_41/contrast/localnewsqa_llama32_1b_base_with_metadata_contrast_matrix_llama32_1b_base_seed41.jsonl,/path/to/metacul/results/final_benchmark_matrix/localnewsqa/llama32_1b/base/seed_41/target/localnewsqa_llama32_1b_base_without_metadata_target_matrix_llama32_1b_base_seed41.jsonl|/path/to/metacul/results/final_benchmark_matrix/localnewsqa/llama32_1b/base/seed_41/contrast/localnewsqa_llama32_1b_base_without_metadata_contrast_matrix_llama32_1b_base_seed41.jsonl
llama32_1b,chat,LLaMA-3.2-1B Inst.,LLaMA family,localnewsqa_overall,accuracy_pp_gain,-0.7359090148854324,-1.12511847020126,-0.6444778948542119,35874,36.893014439426885,37.628923454312314,/path/to/metacul/results/downstream_localnewsqa_external_baselines_multiseed/seed_41/localnewsqa_llama32_1b_with_metadata_target.jsonl,/path/to/metacul/results/downstream_localnewsqa_external_baselines_multiseed/seed_41/localnewsqa_llama32_1b_without_metadata_target.jsonl
llama32_1b,chat,LLaMA-3.2-1B Inst.,LLaMA family,localnewsqa_ambiguous,accuracy_pp_gain,1.6759095618258273,1.238040099945152,1.9236394661466267,16409,41.97086964470717,40.294960082881346,/path/to/metacul/results/downstream_localnewsqa_external_baselines_multiseed/seed_41/localnewsqa_llama32_1b_with_metadata_target.jsonl,/path/to/metacul/results/downstream_localnewsqa_external_baselines_multiseed/seed_41/localnewsqa_llama32_1b_without_metadata_target.jsonl
llama32_1b,chat,LLaMA-3.2-1B Inst.,LLaMA family,localnewsqa_explicit,accuracy_pp_gain,-2.7690726945800157,-3.1064731569483692,-2.6402517338813256,19465,32.61238119702029,35.38145389160031,/path/to/metacul/results/downstream_localnewsqa_external_baselines_multiseed/seed_41/localnewsqa_llama32_1b_with_metadata_target.jsonl,/path/to/metacul/results/downstream_localnewsqa_external_baselines_multiseed/seed_41/localnewsqa_llama32_1b_without_metadata_target.jsonl
llama32_1b,chat,LLaMA-3.2-1B Inst.,LLaMA family,localnewsqa_exact_pair,paired_metric_pp_gain,2.4620635017368517,2.3119934182460846,2.6427570235846183,16409,3.083673593759522,0.6216100920226705,/path/to/metacul/results/downstream_localnewsqa_external_baselines_multiseed/seed_41/localnewsqa_llama32_1b_with_metadata_target.jsonl|/path/to/metacul/results/downstream_localnewsqa_external_baselines_contrast_multiseed_rerun/seed_41/localnewsqa_llama32_1b_with_metadata_contrast.jsonl,/path/to/metacul/results/downstream_localnewsqa_external_baselines_multiseed/seed_41/localnewsqa_llama32_1b_without_metadata_target.jsonl|/path/to/metacul/results/downstream_localnewsqa_external_baselines_contrast_multiseed_rerun/seed_41/localnewsqa_llama32_1b_without_metadata_contrast.jsonl
llama32_1b,chat,LLaMA-3.2-1B Inst.,LLaMA family,localnewsqa_margin_switch,paired_metric_pp_gain,5.570113961850205,5.218325309281492,5.867054665122798,16409,6.862087878603205,1.2919739167530013,/path/to/metacul/results/downstream_localnewsqa_external_baselines_multiseed/seed_41/localnewsqa_llama32_1b_with_metadata_target.jsonl|/path/to/metacul/results/downstream_localnewsqa_external_baselines_contrast_multiseed_rerun/seed_41/localnewsqa_llama32_1b_with_metadata_contrast.jsonl,/path/to/metacul/results/downstream_localnewsqa_external_baselines_multiseed/seed_41/localnewsqa_llama32_1b_without_metadata_target.jsonl|/path/to/metacul/results/downstream_localnewsqa_external_baselines_contrast_multiseed_rerun/seed_41/localnewsqa_llama32_1b_without_metadata_contrast.jsonl
llama32_3b,base,LLaMA-3.2-3B Base,LLaMA family,localnewsqa_overall,accuracy_pp_gain,1.106651056475442,0.9160534091542621,1.3221971344148966,35874,41.97747672408987,40.87082566761443,/path/to/metacul/results/final_benchmark_matrix/localnewsqa/llama32_3b/base/seed_41/target/localnewsqa_llama32_3b_base_with_metadata_target_matrix_llama32_3b_base_seed41.jsonl,/path/to/metacul/results/final_benchmark_matrix/localnewsqa/llama32_3b/base/seed_41/target/localnewsqa_llama32_3b_base_without_metadata_target_matrix_llama32_3b_base_seed41.jsonl
llama32_3b,base,LLaMA-3.2-3B Base,LLaMA family,localnewsqa_ambiguous,accuracy_pp_gain,5.003351819123652,4.551465659089524,5.671430312633311,16409,46.84624291547322,41.84289109634957,/path/to/metacul/results/final_benchmark_matrix/localnewsqa/llama32_3b/base/seed_41/target/localnewsqa_llama32_3b_base_with_metadata_target_matrix_llama32_3b_base_seed41.jsonl,/path/to/metacul/results/final_benchmark_matrix/localnewsqa/llama32_3b/base/seed_41/target/localnewsqa_llama32_3b_base_without_metadata_target_matrix_llama32_3b_base_seed41.jsonl
llama32_3b,base,LLaMA-3.2-3B Base,LLaMA family,localnewsqa_explicit,accuracy_pp_gain,-2.178268687387619,-2.604931929103519,-1.9005908040071924,19465,37.87310557410738,40.05137426149499,/path/to/metacul/results/final_benchmark_matrix/localnewsqa/llama32_3b/base/seed_41/target/localnewsqa_llama32_3b_base_with_metadata_target_matrix_llama32_3b_base_seed41.jsonl,/path/to/metacul/results/final_benchmark_matrix/localnewsqa/llama32_3b/base/seed_41/target/localnewsqa_llama32_3b_base_without_metadata_target_matrix_llama32_3b_base_seed41.jsonl
llama32_3b,base,LLaMA-3.2-3B Base,LLaMA family,localnewsqa_exact_pair,paired_metric_pp_gain,5.862636358096167,5.548022426717045,6.236211834968614,16409,5.862636358096167,0.0,/path/to/metacul/results/final_benchmark_matrix/localnewsqa/llama32_3b/base/seed_41/target/localnewsqa_llama32_3b_base_with_metadata_target_matrix_llama32_3b_base_seed41.jsonl|/path/to/metacul/results/final_benchmark_matrix/localnewsqa/llama32_3b/base/seed_41/contrast/localnewsqa_llama32_3b_base_with_metadata_contrast_matrix_llama32_3b_base_seed41.jsonl,/path/to/metacul/results/final_benchmark_matrix/localnewsqa/llama32_3b/base/seed_41/target/localnewsqa_llama32_3b_base_without_metadata_target_matrix_llama32_3b_base_seed41.jsonl|/path/to/metacul/results/final_benchmark_matrix/localnewsqa/llama32_3b/base/seed_41/contrast/localnewsqa_llama32_3b_base_without_metadata_contrast_matrix_llama32_3b_base_seed41.jsonl
llama32_3b,base,LLaMA-3.2-3B Base,LLaMA family,localnewsqa_margin_switch,paired_metric_pp_gain,12.078737278322873,11.678042537631788,12.186757267353283,16409,12.078737278322873,0.0,/path/to/metacul/results/final_benchmark_matrix/localnewsqa/llama32_3b/base/seed_41/target/localnewsqa_llama32_3b_base_with_metadata_target_matrix_llama32_3b_base_seed41.jsonl|/path/to/metacul/results/final_benchmark_matrix/localnewsqa/llama32_3b/base/seed_41/contrast/localnewsqa_llama32_3b_base_with_metadata_contrast_matrix_llama32_3b_base_seed41.jsonl,/path/to/metacul/results/final_benchmark_matrix/localnewsqa/llama32_3b/base/seed_41/target/localnewsqa_llama32_3b_base_without_metadata_target_matrix_llama32_3b_base_seed41.jsonl|/path/to/metacul/results/final_benchmark_matrix/localnewsqa/llama32_3b/base/seed_41/contrast/localnewsqa_llama32_3b_base_without_metadata_contrast_matrix_llama32_3b_base_seed41.jsonl
llama32_3b,chat,LLaMA-3.2-3B Inst.,LLaMA family,localnewsqa_overall,accuracy_pp_gain,-4.635669286948765,-5.013240787199643,-4.36841445057702,35874,41.015777443273684,45.651446730222446,/path/to/metacul/results/downstream_localnewsqa_external_baselines_multiseed/seed_41/localnewsqa_llama32_3b_with_metadata_target.jsonl,/path/to/metacul/results/downstream_localnewsqa_external_baselines_multiseed/seed_41/localnewsqa_llama32_3b_without_metadata_target.jsonl
llama32_3b,chat,LLaMA-3.2-3B Inst.,LLaMA family,localnewsqa_ambiguous,accuracy_pp_gain,-0.01828264976537266,-0.5812359071241392,0.54954598086416,16409,44.4938753123286,44.51215796209397,/path/to/metacul/results/downstream_localnewsqa_external_baselines_multiseed/seed_41/localnewsqa_llama32_3b_with_metadata_target.jsonl,/path/to/metacul/results/downstream_localnewsqa_external_baselines_multiseed/seed_41/localnewsqa_llama32_3b_without_metadata_target.jsonl
llama32_3b,chat,LLaMA-3.2-3B Inst.,LLaMA family,localnewsqa_explicit,accuracy_pp_gain,-8.528127408168508,-8.925250449524789,-8.170690983817108,19465,38.083740046236834,46.61186745440534,/path/to/metacul/results/downstream_localnewsqa_external_baselines_multiseed/seed_41/localnewsqa_llama32_3b_with_metadata_target.jsonl,/path/to/metacul/results/downstream_localnewsqa_external_baselines_multiseed/seed_41/localnewsqa_llama32_3b_without_metadata_target.jsonl
llama32_3b,chat,LLaMA-3.2-3B Inst.,LLaMA family,localnewsqa_exact_pair,paired_metric_pp_gain,3.9490523493204948,3.7042171978792124,4.299774513986227,16409,4.137973063562679,0.18892071424218415,/path/to/metacul/results/downstream_localnewsqa_external_baselines_multiseed/seed_41/localnewsqa_llama32_3b_with_metadata_target.jsonl|/path/to/metacul/results/downstream_localnewsqa_external_baselines_contrast_multiseed_rerun/seed_41/localnewsqa_llama32_3b_with_metadata_contrast.jsonl,/path/to/metacul/results/downstream_localnewsqa_external_baselines_multiseed/seed_41/localnewsqa_llama32_3b_without_metadata_target.jsonl|/path/to/metacul/results/downstream_localnewsqa_external_baselines_contrast_multiseed_rerun/seed_41/localnewsqa_llama32_3b_without_metadata_contrast.jsonl
llama32_3b,chat,LLaMA-3.2-3B Inst.,LLaMA family,localnewsqa_margin_switch,paired_metric_pp_gain,8.647693339021268,8.289505759034675,8.909744652324944,16409,8.830519836674995,0.18282649765372663,/path/to/metacul/results/downstream_localnewsqa_external_baselines_multiseed/seed_41/localnewsqa_llama32_3b_with_metadata_target.jsonl|/path/to/metacul/results/downstream_localnewsqa_external_baselines_contrast_multiseed_rerun/seed_41/localnewsqa_llama32_3b_with_metadata_contrast.jsonl,/path/to/metacul/results/downstream_localnewsqa_external_baselines_multiseed/seed_41/localnewsqa_llama32_3b_without_metadata_target.jsonl|/path/to/metacul/results/downstream_localnewsqa_external_baselines_contrast_multiseed_rerun/seed_41/localnewsqa_llama32_3b_without_metadata_contrast.jsonl
qwen25_1p5b,base,Qwen2.5-1.5B Base,Qwen2.5 family,localnewsqa_overall,accuracy_pp_gain,0.9672743491107767,0.8837877013993422,1.1248397167865305,35874,35.945252829347154,34.97797848023638,/path/to/metacul/results/final_benchmark_matrix/localnewsqa/qwen25_1p5b/base/seed_41/target/localnewsqa_qwen25_1p5b_base_with_metadata_target_matrix_qwen25_1p5b_base_seed41.jsonl,/path/to/metacul/results/final_benchmark_matrix/localnewsqa/qwen25_1p5b/base/seed_41/target/localnewsqa_qwen25_1p5b_base_without_metadata_target_matrix_qwen25_1p5b_base_seed41.jsonl
qwen25_1p5b,base,Qwen2.5-1.5B Base,Qwen2.5 family,localnewsqa_ambiguous,accuracy_pp_gain,2.6936437320982387,2.33378024254982,3.033853373148882,16409,40.124322018404534,37.430678286306296,/path/to/metacul/results/final_benchmark_matrix/localnewsqa/qwen25_1p5b/base/seed_41/target/localnewsqa_qwen25_1p5b_base_with_metadata_target_matrix_qwen25_1p5b_base_seed41.jsonl,/path/to/metacul/results/final_benchmark_matrix/localnewsqa/qwen25_1p5b/base/seed_41/target/localnewsqa_qwen25_1p5b_base_without_metadata_target_matrix_qwen25_1p5b_base_seed41.jsonl
qwen25_1p5b,base,Qwen2.5-1.5B Base,Qwen2.5 family,localnewsqa_explicit,accuracy_pp_gain,-0.4880554842024146,-0.9032879527356794,-0.3924993578217313,19465,32.42229642948883,32.91035191369124,/path/to/metacul/results/final_benchmark_matrix/localnewsqa/qwen25_1p5b/base/seed_41/target/localnewsqa_qwen25_1p5b_base_with_metadata_target_matrix_qwen25_1p5b_base_seed41.jsonl,/path/to/metacul/results/final_benchmark_matrix/localnewsqa/qwen25_1p5b/base/seed_41/target/localnewsqa_qwen25_1p5b_base_without_metadata_target_matrix_qwen25_1p5b_base_seed41.jsonl
qwen25_1p5b,base,Qwen2.5-1.5B Base,Qwen2.5 family,localnewsqa_exact_pair,paired_metric_pp_gain,2.0659394234871105,1.9143457858492292,2.155981473581571,16409,2.0659394234871105,0.0,/path/to/metacul/results/final_benchmark_matrix/localnewsqa/qwen25_1p5b/base/seed_41/target/localnewsqa_qwen25_1p5b_base_with_metadata_target_matrix_qwen25_1p5b_base_seed41.jsonl|/path/to/metacul/results/final_benchmark_matrix/localnewsqa/qwen25_1p5b/base/seed_41/contrast/localnewsqa_qwen25_1p5b_base_with_metadata_contrast_matrix_qwen25_1p5b_base_seed41.jsonl,/path/to/metacul/results/final_benchmark_matrix/localnewsqa/qwen25_1p5b/base/seed_41/target/localnewsqa_qwen25_1p5b_base_without_metadata_target_matrix_qwen25_1p5b_base_seed41.jsonl|/path/to/metacul/results/final_benchmark_matrix/localnewsqa/qwen25_1p5b/base/seed_41/contrast/localnewsqa_qwen25_1p5b_base_without_metadata_contrast_matrix_qwen25_1p5b_base_seed41.jsonl
qwen25_1p5b,base,Qwen2.5-1.5B Base,Qwen2.5 family,localnewsqa_margin_switch,paired_metric_pp_gain,4.089219330855019,3.7761289536230116,4.305716375159974,16409,4.089219330855019,0.0,/path/to/metacul/results/final_benchmark_matrix/localnewsqa/qwen25_1p5b/base/seed_41/target/localnewsqa_qwen25_1p5b_base_with_metadata_target_matrix_qwen25_1p5b_base_seed41.jsonl|/path/to/metacul/results/final_benchmark_matrix/localnewsqa/qwen25_1p5b/base/seed_41/contrast/localnewsqa_qwen25_1p5b_base_with_metadata_contrast_matrix_qwen25_1p5b_base_seed41.jsonl,/path/to/metacul/results/final_benchmark_matrix/localnewsqa/qwen25_1p5b/base/seed_41/target/localnewsqa_qwen25_1p5b_base_without_metadata_target_matrix_qwen25_1p5b_base_seed41.jsonl|/path/to/metacul/results/final_benchmark_matrix/localnewsqa/qwen25_1p5b/base/seed_41/contrast/localnewsqa_qwen25_1p5b_base_without_metadata_contrast_matrix_qwen25_1p5b_base_seed41.jsonl
qwen25_1p5b,chat,Qwen2.5-1.5B Inst.,Qwen2.5 family,localnewsqa_overall,accuracy_pp_gain,2.1575514300050176,1.936569660478341,2.3519819367787256,35874,46.93371243797736,44.77616100797235,/path/to/metacul/results/downstream_localnewsqa_external_baselines_multiseed/seed_41/localnewsqa_qwen25_1p5b_with_metadata_target.jsonl,/path/to/metacul/results/downstream_localnewsqa_external_baselines_multiseed/seed_41/localnewsqa_qwen25_1p5b_without_metadata_target.jsonl
qwen25_1p5b,chat,Qwen2.5-1.5B Inst.,Qwen2.5 family,localnewsqa_ambiguous,accuracy_pp_gain,8.470961057956,8.1033274422573,8.922390151745994,16409,50.807483697970625,42.33652264001463,/path/to/metacul/results/downstream_localnewsqa_external_baselines_multiseed/seed_41/localnewsqa_qwen25_1p5b_with_metadata_target.jsonl,/path/to/metacul/results/downstream_localnewsqa_external_baselines_multiseed/seed_41/localnewsqa_qwen25_1p5b_without_metadata_target.jsonl
qwen25_1p5b,chat,Qwen2.5-1.5B Inst.,Qwen2.5 family,localnewsqa_explicit,accuracy_pp_gain,-3.164654508091446,-3.382995119445158,-2.7640637040842537,19465,43.66812227074236,46.832776778833804,/path/to/metacul/results/downstream_localnewsqa_external_baselines_multiseed/seed_41/localnewsqa_qwen25_1p5b_with_metadata_target.jsonl,/path/to/metacul/results/downstream_localnewsqa_external_baselines_multiseed/seed_41/localnewsqa_qwen25_1p5b_without_metadata_target.jsonl
qwen25_1p5b,chat,Qwen2.5-1.5B Inst.,Qwen2.5 family,localnewsqa_exact_pair,paired_metric_pp_gain,9.537448960936072,9.240508257663478,10.00837954780913,16409,9.537448960936072,0.0,/path/to/metacul/results/downstream_localnewsqa_external_baselines_multiseed/seed_41/localnewsqa_qwen25_1p5b_with_metadata_target.jsonl|/path/to/metacul/results/downstream_localnewsqa_external_baselines_contrast_multiseed_rerun/seed_41/localnewsqa_qwen25_1p5b_with_metadata_contrast.jsonl,/path/to/metacul/results/downstream_localnewsqa_external_baselines_multiseed/seed_41/localnewsqa_qwen25_1p5b_without_metadata_target.jsonl|/path/to/metacul/results/downstream_localnewsqa_external_baselines_contrast_multiseed_rerun/seed_41/localnewsqa_qwen25_1p5b_without_metadata_contrast.jsonl
qwen25_1p5b,chat,Qwen2.5-1.5B Inst.,Qwen2.5 family,localnewsqa_margin_switch,paired_metric_pp_gain,17.44164787616552,17.145773660795903,17.6704857090621,16409,17.44164787616552,0.0,/path/to/metacul/results/downstream_localnewsqa_external_baselines_multiseed/seed_41/localnewsqa_qwen25_1p5b_with_metadata_target.jsonl|/path/to/metacul/results/downstream_localnewsqa_external_baselines_contrast_multiseed_rerun/seed_41/localnewsqa_qwen25_1p5b_with_metadata_contrast.jsonl,/path/to/metacul/results/downstream_localnewsqa_external_baselines_multiseed/seed_41/localnewsqa_qwen25_1p5b_without_metadata_target.jsonl|/path/to/metacul/results/downstream_localnewsqa_external_baselines_contrast_multiseed_rerun/seed_41/localnewsqa_qwen25_1p5b_without_metadata_contrast.jsonl
qwen25_3b,base,Qwen2.5-3B Base,Qwen2.5 family,localnewsqa_overall,accuracy_pp_gain,1.4829681663600378,1.1844929475386072,1.774822991581647,35874,49.71567151697609,48.23270335061605,/path/to/metacul/results/final_benchmark_matrix/localnewsqa/qwen25_3b/base/seed_41/target/localnewsqa_qwen25_3b_base_with_metadata_target_matrix_qwen25_3b_base_seed41.jsonl,/path/to/metacul/results/final_benchmark_matrix/localnewsqa/qwen25_3b/base/seed_41/target/localnewsqa_qwen25_3b_base_without_metadata_target_matrix_qwen25_3b_base_seed41.jsonl
qwen25_3b,base,Qwen2.5-3B Base,Qwen2.5 family,localnewsqa_ambiguous,accuracy_pp_gain,8.056554329940885,7.540526540313243,8.458772624779085,16409,53.06843805228838,45.01188372234749,/path/to/metacul/results/final_benchmark_matrix/localnewsqa/qwen25_3b/base/seed_41/target/localnewsqa_qwen25_3b_base_with_metadata_target_matrix_qwen25_3b_base_seed41.jsonl,/path/to/metacul/results/final_benchmark_matrix/localnewsqa/qwen25_3b/base/seed_41/target/localnewsqa_qwen25_3b_base_without_metadata_target_matrix_qwen25_3b_base_seed41.jsonl
qwen25_3b,base,Qwen2.5-3B Base,Qwen2.5 family,localnewsqa_explicit,accuracy_pp_gain,-4.05856665810429,-4.649499100950424,-3.5753917287438988,19465,46.8892884664783,50.94785512458259,/path/to/metacul/results/final_benchmark_matrix/localnewsqa/qwen25_3b/base/seed_41/target/localnewsqa_qwen25_3b_base_with_metadata_target_matrix_qwen25_3b_base_seed41.jsonl,/path/to/metacul/results/final_benchmark_matrix/localnewsqa/qwen25_3b/base/seed_41/target/localnewsqa_qwen25_3b_base_without_metadata_target_matrix_qwen25_3b_base_seed41.jsonl
qwen25_3b,base,Qwen2.5-3B Base,Qwen2.5 family,localnewsqa_exact_pair,paired_metric_pp_gain,11.08537997440429,10.659089524041685,11.419647754281188,16409,11.08537997440429,0.0,/path/to/metacul/results/final_benchmark_matrix/localnewsqa/qwen25_3b/base/seed_41/target/localnewsqa_qwen25_3b_base_with_metadata_target_matrix_qwen25_3b_base_seed41.jsonl|/path/to/metacul/results/final_benchmark_matrix/localnewsqa/qwen25_3b/base/seed_41/contrast/localnewsqa_qwen25_3b_base_with_metadata_contrast_matrix_qwen25_3b_base_seed41.jsonl,/path/to/metacul/results/final_benchmark_matrix/localnewsqa/qwen25_3b/base/seed_41/target/localnewsqa_qwen25_3b_base_without_metadata_target_matrix_qwen25_3b_base_seed41.jsonl|/path/to/metacul/results/final_benchmark_matrix/localnewsqa/qwen25_3b/base/seed_41/contrast/localnewsqa_qwen25_3b_base_without_metadata_contrast_matrix_qwen25_3b_base_seed41.jsonl
qwen25_3b,base,Qwen2.5-3B Base,Qwen2.5 family,localnewsqa_margin_switch,paired_metric_pp_gain,19.726979096837102,19.372905113047718,20.073435309890915,16409,19.726979096837102,0.0,/path/to/metacul/results/final_benchmark_matrix/localnewsqa/qwen25_3b/base/seed_41/target/localnewsqa_qwen25_3b_base_with_metadata_target_matrix_qwen25_3b_base_seed41.jsonl|/path/to/metacul/results/final_benchmark_matrix/localnewsqa/qwen25_3b/base/seed_41/contrast/localnewsqa_qwen25_3b_base_with_metadata_contrast_matrix_qwen25_3b_base_seed41.jsonl,/path/to/metacul/results/final_benchmark_matrix/localnewsqa/qwen25_3b/base/seed_41/target/localnewsqa_qwen25_3b_base_without_metadata_target_matrix_qwen25_3b_base_seed41.jsonl|/path/to/metacul/results/final_benchmark_matrix/localnewsqa/qwen25_3b/base/seed_41/contrast/localnewsqa_qwen25_3b_base_without_metadata_contrast_matrix_qwen25_3b_base_seed41.jsonl
qwen25_3b,chat,Qwen2.5-3B Inst.,Qwen2.5 family,localnewsqa_overall,accuracy_pp_gain,3.4147293304342976,2.9032168144059765,3.558287339019903,35874,45.54273289847801,42.12800356804371,/path/to/metacul/results/downstream_localnewsqa_external_baselines_multiseed/seed_41/localnewsqa_qwen25_3b_with_metadata_target.jsonl,/path/to/metacul/results/downstream_localnewsqa_external_baselines_multiseed/seed_41/localnewsqa_qwen25_3b_without_metadata_target.jsonl
qwen25_3b,chat,Qwen2.5-3B Inst.,Qwen2.5 family,localnewsqa_ambiguous,accuracy_pp_gain,8.410018892071424,8.296971174355535,8.772320068255224,16409,49.74099579499055,41.33097690291913,/path/to/metacul/results/downstream_localnewsqa_external_baselines_multiseed/seed_41/localnewsqa_qwen25_3b_with_metadata_target.jsonl,/path/to/metacul/results/downstream_localnewsqa_external_baselines_multiseed/seed_41/localnewsqa_qwen25_3b_without_metadata_target.jsonl
qwen25_3b,chat,Qwen2.5-3B Inst.,Qwen2.5 family,localnewsqa_explicit,accuracy_pp_gain,-0.7963010531723606,-1.0833547392756229,-0.6776265091189314,19465,42.00359619830465,42.799897251477006,/path/to/metacul/results/downstream_localnewsqa_external_baselines_multiseed/seed_41/localnewsqa_qwen25_3b_with_metadata_target.jsonl,/path/to/metacul/results/downstream_localnewsqa_external_baselines_multiseed/seed_41/localnewsqa_qwen25_3b_without_metadata_target.jsonl
qwen25_3b,chat,Qwen2.5-3B Inst.,Qwen2.5 family,localnewsqa_exact_pair,paired_metric_pp_gain,9.842159790358949,9.380370528368578,10.332896581144494,16409,9.842159790358949,0.0,/path/to/metacul/results/downstream_localnewsqa_external_baselines_multiseed/seed_41/localnewsqa_qwen25_3b_with_metadata_target.jsonl|/path/to/metacul/results/downstream_localnewsqa_external_baselines_contrast_multiseed_rerun/seed_41/localnewsqa_qwen25_3b_with_metadata_contrast.jsonl,/path/to/metacul/results/downstream_localnewsqa_external_baselines_multiseed/seed_41/localnewsqa_qwen25_3b_without_metadata_target.jsonl|/path/to/metacul/results/downstream_localnewsqa_external_baselines_contrast_multiseed_rerun/seed_41/localnewsqa_qwen25_3b_without_metadata_contrast.jsonl
qwen25_3b,chat,Qwen2.5-3B Inst.,Qwen2.5 family,localnewsqa_margin_switch,paired_metric_pp_gain,19.33085501858736,18.924675482966666,19.966634164178195,16409,19.33085501858736,0.0,/path/to/metacul/results/downstream_localnewsqa_external_baselines_multiseed/seed_41/localnewsqa_qwen25_3b_with_metadata_target.jsonl|/path/to/metacul/results/downstream_localnewsqa_external_baselines_contrast_multiseed_rerun/seed_41/localnewsqa_qwen25_3b_with_metadata_contrast.jsonl,/path/to/metacul/results/downstream_localnewsqa_external_baselines_multiseed/seed_41/localnewsqa_qwen25_3b_without_metadata_target.jsonl|/path/to/metacul/results/downstream_localnewsqa_external_baselines_contrast_multiseed_rerun/seed_41/localnewsqa_qwen25_3b_without_metadata_contrast.jsonl
qwen35_0p8b,base,Qwen3.5-0.8B Base,Qwen3.5 family,localnewsqa_overall,accuracy_pp_gain,0.9644868149634833,0.7407871996431956,1.1564085410046274,35874,39.053353403579194,38.08886658861571,/path/to/metacul/results/final_benchmark_matrix/localnewsqa/qwen35_0p8b/base/seed_41/target/localnewsqa_qwen35_0p8b_base_with_metadata_target_matrix_qwen35_0p8b_base_seed41.jsonl,/path/to/metacul/results/final_benchmark_matrix/localnewsqa/qwen35_0p8b/base/seed_41/target/localnewsqa_qwen35_0p8b_base_without_metadata_target_matrix_qwen35_0p8b_base_seed41.jsonl
qwen35_0p8b,base,Qwen3.5-0.8B Base,Qwen3.5 family,localnewsqa_ambiguous,accuracy_pp_gain,3.8942044000243765,3.486044244012432,4.305411664330551,16409,42.184167225303185,38.28996282527881,/path/to/metacul/results/final_benchmark_matrix/localnewsqa/qwen35_0p8b/base/seed_41/target/localnewsqa_qwen35_0p8b_base_with_metadata_target_matrix_qwen35_0p8b_base_seed41.jsonl,/path/to/metacul/results/final_benchmark_matrix/localnewsqa/qwen35_0p8b/base/seed_41/target/localnewsqa_qwen35_0p8b_base_without_metadata_target_matrix_qwen35_0p8b_base_seed41.jsonl
qwen35_0p8b,base,Qwen3.5-0.8B Base,Qwen3.5 family,localnewsqa_explicit,accuracy_pp_gain,-1.5052658618032366,-1.8162085795016696,-1.3646288209606987,19465,36.41407654764963,37.91934240945287,/path/to/metacul/results/final_benchmark_matrix/localnewsqa/qwen35_0p8b/base/seed_41/target/localnewsqa_qwen35_0p8b_base_with_metadata_target_matrix_qwen35_0p8b_base_seed41.jsonl,/path/to/metacul/results/final_benchmark_matrix/localnewsqa/qwen35_0p8b/base/seed_41/target/localnewsqa_qwen35_0p8b_base_without_metadata_target_matrix_qwen35_0p8b_base_seed41.jsonl
qwen35_0p8b,base,Qwen3.5-0.8B Base,Qwen3.5 family,localnewsqa_exact_pair,paired_metric_pp_gain,3.8332622341398013,3.6955329392406604,4.058748247912731,16409,3.8332622341398013,0.0,/path/to/metacul/results/final_benchmark_matrix/localnewsqa/qwen35_0p8b/base/seed_41/target/localnewsqa_qwen35_0p8b_base_with_metadata_target_matrix_qwen35_0p8b_base_seed41.jsonl|/path/to/metacul/results/final_benchmark_matrix/localnewsqa/qwen35_0p8b/base/seed_41/contrast/localnewsqa_qwen35_0p8b_base_with_metadata_contrast_matrix_qwen35_0p8b_base_seed41.jsonl,/path/to/metacul/results/final_benchmark_matrix/localnewsqa/qwen35_0p8b/base/seed_41/target/localnewsqa_qwen35_0p8b_base_without_metadata_target_matrix_qwen35_0p8b_base_seed41.jsonl|/path/to/metacul/results/final_benchmark_matrix/localnewsqa/qwen35_0p8b/base/seed_41/contrast/localnewsqa_qwen35_0p8b_base_without_metadata_contrast_matrix_qwen35_0p8b_base_seed41.jsonl
qwen35_0p8b,base,Qwen3.5-0.8B Base,Qwen3.5 family,localnewsqa_margin_switch,paired_metric_pp_gain,7.983423730879395,7.613504783960022,8.290724602352368,16409,7.983423730879395,0.0,/path/to/metacul/results/final_benchmark_matrix/localnewsqa/qwen35_0p8b/base/seed_41/target/localnewsqa_qwen35_0p8b_base_with_metadata_target_matrix_qwen35_0p8b_base_seed41.jsonl|/path/to/metacul/results/final_benchmark_matrix/localnewsqa/qwen35_0p8b/base/seed_41/contrast/localnewsqa_qwen35_0p8b_base_with_metadata_contrast_matrix_qwen35_0p8b_base_seed41.jsonl,/path/to/metacul/results/final_benchmark_matrix/localnewsqa/qwen35_0p8b/base/seed_41/target/localnewsqa_qwen35_0p8b_base_without_metadata_target_matrix_qwen35_0p8b_base_seed41.jsonl|/path/to/metacul/results/final_benchmark_matrix/localnewsqa/qwen35_0p8b/base/seed_41/contrast/localnewsqa_qwen35_0p8b_base_without_metadata_contrast_matrix_qwen35_0p8b_base_seed41.jsonl
qwen35_0p8b,chat,Qwen3.5-0.8B Chat,Qwen3.5 family,localnewsqa_overall,accuracy_pp_gain,0.5742320343424206,0.33729163182248983,0.697092601884373,35874,38.236605898422255,37.66237386407983,/path/to/metacul/results/downstream_localnewsqa_external_baselines_multiseed/seed_41/localnewsqa_qwen35_0p8b_with_metadata_target.jsonl,/path/to/metacul/results/downstream_localnewsqa_external_baselines_multiseed/seed_41/localnewsqa_qwen35_0p8b_without_metadata_target.jsonl
qwen35_0p8b,chat,Qwen3.5-0.8B Chat,Qwen3.5 family,localnewsqa_ambiguous,accuracy_pp_gain,3.504174538363093,3.026997379486867,3.8934426229508197,16409,41.54427448351514,38.04009994515205,/path/to/metacul/results/downstream_localnewsqa_external_baselines_multiseed/seed_41/localnewsqa_qwen35_0p8b_with_metadata_target.jsonl,/path/to/metacul/results/downstream_localnewsqa_external_baselines_multiseed/seed_41/localnewsqa_qwen35_0p8b_without_metadata_target.jsonl
qwen35_0p8b,chat,Qwen3.5-0.8B Chat,Qwen3.5 family,localnewsqa_explicit,accuracy_pp_gain,-1.895710249165168,-2.2823015669149758,-1.8335473927562291,19465,35.448240431543795,37.343950680708964,/path/to/metacul/results/downstream_localnewsqa_external_baselines_multiseed/seed_41/localnewsqa_qwen35_0p8b_with_metadata_target.jsonl,/path/to/metacul/results/downstream_localnewsqa_external_baselines_multiseed/seed_41/localnewsqa_qwen35_0p8b_without_metadata_target.jsonl
qwen35_0p8b,chat,Qwen3.5-0.8B Chat,Qwen3.5 family,localnewsqa_exact_pair,paired_metric_pp_gain,3.315253824120909,3.057468462429155,3.508135779145591,16409,3.315253824120909,0.0,/path/to/metacul/results/downstream_localnewsqa_external_baselines_multiseed/seed_41/localnewsqa_qwen35_0p8b_with_metadata_target.jsonl|/path/to/metacul/results/downstream_localnewsqa_external_baselines_contrast_multiseed_rerun/seed_41/localnewsqa_qwen35_0p8b_with_metadata_contrast.jsonl,/path/to/metacul/results/downstream_localnewsqa_external_baselines_multiseed/seed_41/localnewsqa_qwen35_0p8b_without_metadata_target.jsonl|/path/to/metacul/results/downstream_localnewsqa_external_baselines_contrast_multiseed_rerun/seed_41/localnewsqa_qwen35_0p8b_without_metadata_contrast.jsonl
qwen35_0p8b,chat,Qwen3.5-0.8B Chat,Qwen3.5 family,localnewsqa_margin_switch,paired_metric_pp_gain,7.319154122737522,6.968736668901213,7.635291608263757,16409,7.319154122737522,0.0,/path/to/metacul/results/downstream_localnewsqa_external_baselines_multiseed/seed_41/localnewsqa_qwen35_0p8b_with_metadata_target.jsonl|/path/to/metacul/results/downstream_localnewsqa_external_baselines_contrast_multiseed_rerun/seed_41/localnewsqa_qwen35_0p8b_with_metadata_contrast.jsonl,/path/to/metacul/results/downstream_localnewsqa_external_baselines_multiseed/seed_41/localnewsqa_qwen35_0p8b_without_metadata_target.jsonl|/path/to/metacul/results/downstream_localnewsqa_external_baselines_contrast_multiseed_rerun/seed_41/localnewsqa_qwen35_0p8b_without_metadata_contrast.jsonl
qwen35_2b,base,Qwen3.5-2B Base,Qwen3.5 family,localnewsqa_overall,accuracy_pp_gain,4.10882533311033,4.078232145843787,4.473643864637341,35874,49.7519094608909,45.64308412778056,/path/to/metacul/results/final_benchmark_matrix/localnewsqa/qwen35_2b/base/seed_41/target/localnewsqa_qwen35_2b_base_with_metadata_target_matrix_qwen35_2b_base_seed41.jsonl,/path/to/metacul/results/final_benchmark_matrix/localnewsqa/qwen35_2b/base/seed_41/target/localnewsqa_qwen35_2b_base_without_metadata_target_matrix_qwen35_2b_base_seed41.jsonl
qwen35_2b,base,Qwen3.5-2B Base,Qwen3.5 family,localnewsqa_ambiguous,accuracy_pp_gain,9.049911633859468,8.621945273935035,9.697574501797794,16409,51.59973185447011,42.54982022061064,/path/to/metacul/results/final_benchmark_matrix/localnewsqa/qwen35_2b/base/seed_41/target/localnewsqa_qwen35_2b_base_with_metadata_target_matrix_qwen35_2b_base_seed41.jsonl,/path/to/metacul/results/final_benchmark_matrix/localnewsqa/qwen35_2b/base/seed_41/target/localnewsqa_qwen35_2b_base_without_metadata_target_matrix_qwen35_2b_base_seed41.jsonl
qwen35_2b,base,Qwen3.5-2B Base,Qwen3.5 family,localnewsqa_explicit,accuracy_pp_gain,-0.056511687644490105,-0.22989982019008476,0.14551759568456205,19465,48.194194708451064,48.25070639609555,/path/to/metacul/results/final_benchmark_matrix/localnewsqa/qwen35_2b/base/seed_41/target/localnewsqa_qwen35_2b_base_with_metadata_target_matrix_qwen35_2b_base_seed41.jsonl,/path/to/metacul/results/final_benchmark_matrix/localnewsqa/qwen35_2b/base/seed_41/target/localnewsqa_qwen35_2b_base_without_metadata_target_matrix_qwen35_2b_base_seed41.jsonl
qwen35_2b,base,Qwen3.5-2B Base,Qwen3.5 family,localnewsqa_exact_pair,paired_metric_pp_gain,9.56792004387836,9.141020171856907,10.053781461393138,16409,9.653239076116765,0.08531903223840576,/path/to/metacul/results/final_benchmark_matrix/localnewsqa/qwen35_2b/base/seed_41/target/localnewsqa_qwen35_2b_base_with_metadata_target_matrix_qwen35_2b_base_seed41.jsonl|/path/to/metacul/results/final_benchmark_matrix/localnewsqa/qwen35_2b/base/seed_41/contrast/localnewsqa_qwen35_2b_base_with_metadata_contrast_matrix_qwen35_2b_base_seed41.jsonl,/path/to/metacul/results/final_benchmark_matrix/localnewsqa/qwen35_2b/base/seed_41/target/localnewsqa_qwen35_2b_base_without_metadata_target_matrix_qwen35_2b_base_seed41.jsonl|/path/to/metacul/results/final_benchmark_matrix/localnewsqa/qwen35_2b/base/seed_41/contrast/localnewsqa_qwen35_2b_base_without_metadata_contrast_matrix_qwen35_2b_base_seed41.jsonl
qwen35_2b,base,Qwen3.5-2B Base,Qwen3.5 family,localnewsqa_margin_switch,paired_metric_pp_gain,16.826132000731306,16.430922054969834,17.02145164239137,16409,16.893168383204337,0.06703638247303309,/path/to/metacul/results/final_benchmark_matrix/localnewsqa/qwen35_2b/base/seed_41/target/localnewsqa_qwen35_2b_base_with_metadata_target_matrix_qwen35_2b_base_seed41.jsonl|/path/to/metacul/results/final_benchmark_matrix/localnewsqa/qwen35_2b/base/seed_41/contrast/localnewsqa_qwen35_2b_base_with_metadata_contrast_matrix_qwen35_2b_base_seed41.jsonl,/path/to/metacul/results/final_benchmark_matrix/localnewsqa/qwen35_2b/base/seed_41/target/localnewsqa_qwen35_2b_base_without_metadata_target_matrix_qwen35_2b_base_seed41.jsonl|/path/to/metacul/results/final_benchmark_matrix/localnewsqa/qwen35_2b/base/seed_41/contrast/localnewsqa_qwen35_2b_base_without_metadata_contrast_matrix_qwen35_2b_base_seed41.jsonl
qwen35_2b,chat,Qwen3.5-2B Chat,Qwen3.5 family,localnewsqa_overall,accuracy_pp_gain,4.889334894352456,4.676994480682389,5.082301945698835,35874,46.92256230138819,42.03322740703573,/path/to/metacul/results/downstream_localnewsqa_external_baselines_multiseed/seed_41/localnewsqa_qwen35_2b_with_metadata_target.jsonl,/path/to/metacul/results/downstream_localnewsqa_external_baselines_multiseed/seed_41/localnewsqa_qwen35_2b_without_metadata_target.jsonl
qwen35_2b,chat,Qwen3.5-2B Chat,Qwen3.5 family,localnewsqa_ambiguous,accuracy_pp_gain,8.507526357486746,7.956152111646047,8.845755378146139,16409,49.76537266134438,41.25784630385764,/path/to/metacul/results/downstream_localnewsqa_external_baselines_multiseed/seed_41/localnewsqa_qwen35_2b_with_metadata_target.jsonl,/path/to/metacul/results/downstream_localnewsqa_external_baselines_multiseed/seed_41/localnewsqa_qwen35_2b_without_metadata_target.jsonl
qwen35_2b,chat,Qwen3.5-2B Chat,Qwen3.5 family,localnewsqa_explicit,accuracy_pp_gain,1.839198561520678,1.5110454662214232,2.0330079630105318,19465,44.526072437708706,42.68687387618803,/path/to/metacul/results/downstream_localnewsqa_external_baselines_multiseed/seed_41/localnewsqa_qwen35_2b_with_metadata_target.jsonl,/path/to/metacul/results/downstream_localnewsqa_external_baselines_multiseed/seed_41/localnewsqa_qwen35_2b_without_metadata_target.jsonl
qwen35_2b,chat,Qwen3.5-2B Chat,Qwen3.5 family,localnewsqa_exact_pair,paired_metric_pp_gain,8.854896703028825,8.365835821805106,8.976628679383266,16409,8.854896703028825,0.0,/path/to/metacul/results/downstream_localnewsqa_external_baselines_multiseed/seed_41/localnewsqa_qwen35_2b_with_metadata_target.jsonl|/path/to/metacul/results/downstream_localnewsqa_external_baselines_contrast_multiseed_rerun/seed_41/localnewsqa_qwen35_2b_with_metadata_contrast.jsonl,/path/to/metacul/results/downstream_localnewsqa_external_baselines_multiseed/seed_41/localnewsqa_qwen35_2b_without_metadata_target.jsonl|/path/to/metacul/results/downstream_localnewsqa_external_baselines_contrast_multiseed_rerun/seed_41/localnewsqa_qwen35_2b_without_metadata_contrast.jsonl
qwen35_2b,chat,Qwen3.5-2B Chat,Qwen3.5 family,localnewsqa_margin_switch,paired_metric_pp_gain,16.00341276128954,15.66183192150649,16.45819367420318,16409,16.00341276128954,0.0,/path/to/metacul/results/downstream_localnewsqa_external_baselines_multiseed/seed_41/localnewsqa_qwen35_2b_with_metadata_target.jsonl|/path/to/metacul/results/downstream_localnewsqa_external_baselines_contrast_multiseed_rerun/seed_41/localnewsqa_qwen35_2b_with_metadata_contrast.jsonl,/path/to/metacul/results/downstream_localnewsqa_external_baselines_multiseed/seed_41/localnewsqa_qwen35_2b_without_metadata_target.jsonl|/path/to/metacul/results/downstream_localnewsqa_external_baselines_contrast_multiseed_rerun/seed_41/localnewsqa_qwen35_2b_without_metadata_contrast.jsonl
qwen35_4b,base,Qwen3.5-4B Base,Qwen3.5 family,localnewsqa_overall,accuracy_pp_gain,0.7275464124435524,0.5721413837319507,0.8714528627975694,35874,34.59887383620449,33.87132742376094,/path/to/metacul/results/final_benchmark_matrix/localnewsqa/qwen35_4b/base/seed_41/target/localnewsqa_qwen35_4b_base_with_metadata_target_matrix_qwen35_4b_base_seed41.jsonl,/path/to/metacul/results/final_benchmark_matrix/localnewsqa/qwen35_4b/base/seed_41/target/localnewsqa_qwen35_4b_base_without_metadata_target_matrix_qwen35_4b_base_seed41.jsonl
qwen35_4b,base,Qwen3.5-4B Base,Qwen3.5 family,localnewsqa_ambiguous,accuracy_pp_gain,1.5601194466451338,1.288317386799927,1.8048022426717045,16409,38.46060088975562,36.900481443110486,/path/to/metacul/results/final_benchmark_matrix/localnewsqa/qwen35_4b/base/seed_41/target/localnewsqa_qwen35_4b_base_with_metadata_target_matrix_qwen35_4b_base_seed41.jsonl,/path/to/metacul/results/final_benchmark_matrix/localnewsqa/qwen35_4b/base/seed_41/target/localnewsqa_qwen35_4b_base_without_metadata_target_matrix_qwen35_4b_base_seed41.jsonl
qwen35_4b,base,Qwen3.5-4B Base,Qwen3.5 family,localnewsqa_explicit,accuracy_pp_gain,0.025687130747495505,-0.09465707680452093,0.20922167993835092,19465,31.343436938094015,31.317749807346516,/path/to/metacul/results/final_benchmark_matrix/localnewsqa/qwen35_4b/base/seed_41/target/localnewsqa_qwen35_4b_base_with_metadata_target_matrix_qwen35_4b_base_seed41.jsonl,/path/to/metacul/results/final_benchmark_matrix/localnewsqa/qwen35_4b/base/seed_41/target/localnewsqa_qwen35_4b_base_without_metadata_target_matrix_qwen35_4b_base_seed41.jsonl
qwen35_4b,base,Qwen3.5-4B Base,Qwen3.5 family,localnewsqa_exact_pair,paired_metric_pp_gain,1.651532695471997,1.4784569443598026,1.7750929368029742,16409,1.6880979950027426,0.03656529953074532,/path/to/metacul/results/final_benchmark_matrix/localnewsqa/qwen35_4b/base/seed_41/target/localnewsqa_qwen35_4b_base_with_metadata_target_matrix_qwen35_4b_base_seed41.jsonl|/path/to/metacul/results/final_benchmark_matrix/localnewsqa/qwen35_4b/base/seed_41/contrast/localnewsqa_qwen35_4b_base_with_metadata_contrast_matrix_qwen35_4b_base_seed41.jsonl,/path/to/metacul/results/final_benchmark_matrix/localnewsqa/qwen35_4b/base/seed_41/target/localnewsqa_qwen35_4b_base_without_metadata_target_matrix_qwen35_4b_base_seed41.jsonl|/path/to/metacul/results/final_benchmark_matrix/localnewsqa/qwen35_4b/base/seed_41/contrast/localnewsqa_qwen35_4b_base_without_metadata_contrast_matrix_qwen35_4b_base_seed41.jsonl
qwen35_4b,base,Qwen3.5-4B Base,Qwen3.5 family,localnewsqa_margin_switch,paired_metric_pp_gain,3.376195990005485,3.267871290145652,3.6947711621671036,16409,3.382290206593942,0.006094216588457554,/path/to/metacul/results/final_benchmark_matrix/localnewsqa/qwen35_4b/base/seed_41/target/localnewsqa_qwen35_4b_base_with_metadata_target_matrix_qwen35_4b_base_seed41.jsonl|/path/to/metacul/results/final_benchmark_matrix/localnewsqa/qwen35_4b/base/seed_41/contrast/localnewsqa_qwen35_4b_base_with_metadata_contrast_matrix_qwen35_4b_base_seed41.jsonl,/path/to/metacul/results/final_benchmark_matrix/localnewsqa/qwen35_4b/base/seed_41/target/localnewsqa_qwen35_4b_base_without_metadata_target_matrix_qwen35_4b_base_seed41.jsonl|/path/to/metacul/results/final_benchmark_matrix/localnewsqa/qwen35_4b/base/seed_41/contrast/localnewsqa_qwen35_4b_base_without_metadata_contrast_matrix_qwen35_4b_base_seed41.jsonl
qwen35_4b,chat,Qwen3.5-4B Chat,Qwen3.5 family,localnewsqa_overall,accuracy_pp_gain,0.5686569660478341,0.4743686235156381,0.6481713775993756,35874,33.416959357752134,32.8483023917043,/path/to/metacul/results/downstream_localnewsqa_external_baselines_multiseed/seed_41/localnewsqa_qwen35_4b_with_metadata_target.jsonl,/path/to/metacul/results/downstream_localnewsqa_external_baselines_multiseed/seed_41/localnewsqa_qwen35_4b_without_metadata_target.jsonl
qwen35_4b,chat,Qwen3.5-4B Chat,Qwen3.5 family,localnewsqa_ambiguous,accuracy_pp_gain,1.0421110366262416,0.8592845389725151,1.2174721189591078,16409,36.760314461575966,35.71820342494972,/path/to/metacul/results/downstream_localnewsqa_external_baselines_multiseed/seed_41/localnewsqa_qwen35_4b_with_metadata_target.jsonl,/path/to/metacul/results/downstream_localnewsqa_external_baselines_multiseed/seed_41/localnewsqa_qwen35_4b_without_metadata_target.jsonl
qwen35_4b,chat,Qwen3.5-4B Chat,Qwen3.5 family,localnewsqa_explicit,accuracy_pp_gain,0.16953506293347032,-0.06807089648086309,0.406113537117904,19465,30.598510146416647,30.428975083483174,/path/to/metacul/results/downstream_localnewsqa_external_baselines_multiseed/seed_41/localnewsqa_qwen35_4b_with_metadata_target.jsonl,/path/to/metacul/results/downstream_localnewsqa_external_baselines_multiseed/seed_41/localnewsqa_qwen35_4b_without_metadata_target.jsonl
qwen35_4b,chat,Qwen3.5-4B Chat,Qwen3.5 family,localnewsqa_exact_pair,paired_metric_pp_gain,1.2310317508684259,1.0882747272838078,1.3541349259552686,16409,1.2310317508684259,0.0,/path/to/metacul/results/downstream_localnewsqa_external_baselines_multiseed/seed_41/localnewsqa_qwen35_4b_with_metadata_target.jsonl|/path/to/metacul/results/downstream_localnewsqa_external_baselines_contrast_multiseed_rerun/seed_41/localnewsqa_qwen35_4b_with_metadata_contrast.jsonl,/path/to/metacul/results/downstream_localnewsqa_external_baselines_multiseed/seed_41/localnewsqa_qwen35_4b_without_metadata_target.jsonl|/path/to/metacul/results/downstream_localnewsqa_external_baselines_contrast_multiseed_rerun/seed_41/localnewsqa_qwen35_4b_without_metadata_contrast.jsonl
qwen35_4b,chat,Qwen3.5-4B Chat,Qwen3.5 family,localnewsqa_margin_switch,paired_metric_pp_gain,2.705832165275154,2.5463160460722776,2.9956121640563103,16409,2.705832165275154,0.0,/path/to/metacul/results/downstream_localnewsqa_external_baselines_multiseed/seed_41/localnewsqa_qwen35_4b_with_metadata_target.jsonl|/path/to/metacul/results/downstream_localnewsqa_external_baselines_contrast_multiseed_rerun/seed_41/localnewsqa_qwen35_4b_with_metadata_contrast.jsonl,/path/to/metacul/results/downstream_localnewsqa_external_baselines_multiseed/seed_41/localnewsqa_qwen35_4b_without_metadata_target.jsonl|/path/to/metacul/results/downstream_localnewsqa_external_baselines_contrast_multiseed_rerun/seed_41/localnewsqa_qwen35_4b_without_metadata_contrast.jsonl
gemma4_e2b,base,Gemma-4-E2B Base,Gemma-4 family,localnewsqa_overall,accuracy_pp_gain,2.2467525227184035,2.012599654345766,2.6299687796175504,35874,32.29358309639293,30.046830573674526,/path/to/metacul/results/final_benchmark_matrix/localnewsqa/gemma4_e2b/base/seed_41/target/localnewsqa_gemma4_e2b_base_with_metadata_target_matrix_gemma4_e2b_base_seed41.jsonl,/path/to/metacul/results/final_benchmark_matrix/localnewsqa/gemma4_e2b/base/seed_41/target/localnewsqa_gemma4_e2b_base_without_metadata_target_matrix_gemma4_e2b_base_seed41.jsonl
gemma4_e2b,base,Gemma-4-E2B Base,Gemma-4 family,localnewsqa_ambiguous,accuracy_pp_gain,2.443780851971479,1.9176976049728807,2.550886708513621,16409,36.394661466268516,33.95088061429703,/path/to/metacul/results/final_benchmark_matrix/localnewsqa/gemma4_e2b/base/seed_41/target/localnewsqa_gemma4_e2b_base_with_metadata_target_matrix_gemma4_e2b_base_seed41.jsonl,/path/to/metacul/results/final_benchmark_matrix/localnewsqa/gemma4_e2b/base/seed_41/target/localnewsqa_gemma4_e2b_base_without_metadata_target_matrix_gemma4_e2b_base_seed41.jsonl
gemma4_e2b,base,Gemma-4-E2B Base,Gemma-4 family,localnewsqa_explicit,accuracy_pp_gain,2.080657590547136,1.631774980734652,2.3768302080657593,19465,28.836372977138453,26.755715386591316,/path/to/metacul/results/final_benchmark_matrix/localnewsqa/gemma4_e2b/base/seed_41/target/localnewsqa_gemma4_e2b_base_with_metadata_target_matrix_gemma4_e2b_base_seed41.jsonl,/path/to/metacul/results/final_benchmark_matrix/localnewsqa/gemma4_e2b/base/seed_41/target/localnewsqa_gemma4_e2b_base_without_metadata_target_matrix_gemma4_e2b_base_seed41.jsonl
gemma4_e2b,base,Gemma-4-E2B Base,Gemma-4 family,localnewsqa_exact_pair,paired_metric_pp_gain,0.5241026266073496,0.4003900298616613,0.6161252970930587,16409,0.7434944237918215,0.21939179718447194,/path/to/metacul/results/final_benchmark_matrix/localnewsqa/gemma4_e2b/base/seed_41/target/localnewsqa_gemma4_e2b_base_with_metadata_target_matrix_gemma4_e2b_base_seed41.jsonl|/path/to/metacul/results/final_benchmark_matrix/localnewsqa/gemma4_e2b/base/seed_41/contrast/localnewsqa_gemma4_e2b_base_with_metadata_contrast_matrix_gemma4_e2b_base_seed41.jsonl,/path/to/metacul/results/final_benchmark_matrix/localnewsqa/gemma4_e2b/base/seed_41/target/localnewsqa_gemma4_e2b_base_without_metadata_target_matrix_gemma4_e2b_base_seed41.jsonl|/path/to/metacul/results/final_benchmark_matrix/localnewsqa/gemma4_e2b/base/seed_41/contrast/localnewsqa_gemma4_e2b_base_without_metadata_contrast_matrix_gemma4_e2b_base_seed41.jsonl
gemma4_e2b,base,Gemma-4-E2B Base,Gemma-4 family,localnewsqa_margin_switch,paired_metric_pp_gain,1.4687061978182705,1.2746053994758975,1.6507709183984398,16409,1.9989030410140778,0.5301968431958072,/path/to/metacul/results/final_benchmark_matrix/localnewsqa/gemma4_e2b/base/seed_41/target/localnewsqa_gemma4_e2b_base_with_metadata_target_matrix_gemma4_e2b_base_seed41.jsonl|/path/to/metacul/results/final_benchmark_matrix/localnewsqa/gemma4_e2b/base/seed_41/contrast/localnewsqa_gemma4_e2b_base_with_metadata_contrast_matrix_gemma4_e2b_base_seed41.jsonl,/path/to/metacul/results/final_benchmark_matrix/localnewsqa/gemma4_e2b/base/seed_41/target/localnewsqa_gemma4_e2b_base_without_metadata_target_matrix_gemma4_e2b_base_seed41.jsonl|/path/to/metacul/results/final_benchmark_matrix/localnewsqa/gemma4_e2b/base/seed_41/contrast/localnewsqa_gemma4_e2b_base_without_metadata_contrast_matrix_gemma4_e2b_base_seed41.jsonl
gemma4_e2b,chat,Gemma-4-E2B-it,Gemma-4 family,localnewsqa_overall,accuracy_pp_gain,1.9261860957796733,1.7318252773596474,2.10890895913475,35874,37.99130289346044,36.06511679768077,/path/to/metacul/results/downstream_localnewsqa_external_baselines_multiseed/seed_41/localnewsqa_gemma4_e2b_it_with_metadata_target.jsonl,/path/to/metacul/results/downstream_localnewsqa_external_baselines_multiseed/seed_41/localnewsqa_gemma4_e2b_it_without_metadata_target.jsonl
gemma4_e2b,chat,Gemma-4-E2B-it,Gemma-4 family,localnewsqa_ambiguous,accuracy_pp_gain,3.4919861051861782,3.1590895240416845,3.787707965141081,16409,42.15979035894936,38.66780425376318,/path/to/metacul/results/downstream_localnewsqa_external_baselines_multiseed/seed_41/localnewsqa_gemma4_e2b_it_with_metadata_target.jsonl,/path/to/metacul/results/downstream_localnewsqa_external_baselines_multiseed/seed_41/localnewsqa_gemma4_e2b_it_without_metadata_target.jsonl
gemma4_e2b,chat,Gemma-4-E2B-it,Gemma-4 family,localnewsqa_explicit,accuracy_pp_gain,0.6062162856408939,0.3379142049833033,0.8939121500128436,19465,34.477266889288465,33.871050603647575,/path/to/metacul/results/downstream_localnewsqa_external_baselines_multiseed/seed_41/localnewsqa_gemma4_e2b_it_with_metadata_target.jsonl,/path/to/metacul/results/downstream_localnewsqa_external_baselines_multiseed/seed_41/localnewsqa_gemma4_e2b_it_without_metadata_target.jsonl
gemma4_e2b,chat,Gemma-4-E2B-it,Gemma-4 family,localnewsqa_exact_pair,paired_metric_pp_gain,4.034371381558901,3.890395514656591,4.236699372295691,16409,4.034371381558901,0.0,/path/to/metacul/results/downstream_localnewsqa_external_baselines_multiseed/seed_41/localnewsqa_gemma4_e2b_it_with_metadata_target.jsonl|/path/to/metacul/results/downstream_localnewsqa_external_baselines_contrast_multiseed_rerun/seed_41/localnewsqa_gemma4_e2b_it_with_metadata_contrast.jsonl,/path/to/metacul/results/downstream_localnewsqa_external_baselines_multiseed/seed_41/localnewsqa_gemma4_e2b_it_without_metadata_target.jsonl|/path/to/metacul/results/downstream_localnewsqa_external_baselines_contrast_multiseed_rerun/seed_41/localnewsqa_gemma4_e2b_it_without_metadata_contrast.jsonl
gemma4_e2b,chat,Gemma-4-E2B-it,Gemma-4 family,localnewsqa_margin_switch,paired_metric_pp_gain,8.251569260771529,7.868243037357547,8.582485221524774,16409,8.251569260771529,0.0,/path/to/metacul/results/downstream_localnewsqa_external_baselines_multiseed/seed_41/localnewsqa_gemma4_e2b_it_with_metadata_target.jsonl|/path/to/metacul/results/downstream_localnewsqa_external_baselines_contrast_multiseed_rerun/seed_41/localnewsqa_gemma4_e2b_it_with_metadata_contrast.jsonl,/path/to/metacul/results/downstream_localnewsqa_external_baselines_multiseed/seed_41/localnewsqa_gemma4_e2b_it_without_metadata_target.jsonl|/path/to/metacul/results/downstream_localnewsqa_external_baselines_contrast_multiseed_rerun/seed_41/localnewsqa_gemma4_e2b_it_without_metadata_contrast.jsonl
gemma4_e4b,base,Gemma-4-E4B Base,Gemma-4 family,localnewsqa_overall,accuracy_pp_gain,0.8474103807771645,0.7955622456375091,1.061632379996655,35874,32.50264815743993,31.655237776662766,/path/to/metacul/results/final_benchmark_matrix/localnewsqa/gemma4_e4b/base/seed_41/target/localnewsqa_gemma4_e4b_base_with_metadata_target_matrix_gemma4_e4b_base_seed41.jsonl,/path/to/metacul/results/final_benchmark_matrix/localnewsqa/gemma4_e4b/base/seed_41/target/localnewsqa_gemma4_e4b_base_without_metadata_target_matrix_gemma4_e4b_base_seed41.jsonl
gemma4_e4b,base,Gemma-4-E4B Base,Gemma-4 family,localnewsqa_ambiguous,accuracy_pp_gain,1.1274300688646475,0.8292705222743616,1.5703272594308002,16409,37.14425010664879,36.01682003778414,/path/to/metacul/results/final_benchmark_matrix/localnewsqa/gemma4_e4b/base/seed_41/target/localnewsqa_gemma4_e4b_base_with_metadata_target_matrix_gemma4_e4b_base_seed41.jsonl,/path/to/metacul/results/final_benchmark_matrix/localnewsqa/gemma4_e4b/base/seed_41/target/localnewsqa_gemma4_e4b_base_without_metadata_target_matrix_gemma4_e4b_base_seed41.jsonl
gemma4_e4b,base,Gemma-4-E4B Base,Gemma-4 family,localnewsqa_explicit,accuracy_pp_gain,0.611353711790393,0.40649884407911635,0.9687901361417931,19465,28.589776521962495,27.978422810172106,/path/to/metacul/results/final_benchmark_matrix/localnewsqa/gemma4_e4b/base/seed_41/target/localnewsqa_gemma4_e4b_base_with_metadata_target_matrix_gemma4_e4b_base_seed41.jsonl,/path/to/metacul/results/final_benchmark_matrix/localnewsqa/gemma4_e4b/base/seed_41/target/localnewsqa_gemma4_e4b_base_without_metadata_target_matrix_gemma4_e4b_base_seed41.jsonl
gemma4_e4b,base,Gemma-4-E4B Base,Gemma-4 family,localnewsqa_exact_pair,paired_metric_pp_gain,1.243220184045341,1.1600341276128954,1.3629715400085318,16409,1.243220184045341,0.0,/path/to/metacul/results/final_benchmark_matrix/localnewsqa/gemma4_e4b/base/seed_41/target/localnewsqa_gemma4_e4b_base_with_metadata_target_matrix_gemma4_e4b_base_seed41.jsonl|/path/to/metacul/results/final_benchmark_matrix/localnewsqa/gemma4_e4b/base/seed_41/contrast/localnewsqa_gemma4_e4b_base_with_metadata_contrast_matrix_gemma4_e4b_base_seed41.jsonl,/path/to/metacul/results/final_benchmark_matrix/localnewsqa/gemma4_e4b/base/seed_41/target/localnewsqa_gemma4_e4b_base_without_metadata_target_matrix_gemma4_e4b_base_seed41.jsonl|/path/to/metacul/results/final_benchmark_matrix/localnewsqa/gemma4_e4b/base/seed_41/contrast/localnewsqa_gemma4_e4b_base_without_metadata_contrast_matrix_gemma4_e4b_base_seed41.jsonl
gemma4_e4b,base,Gemma-4-E4B Base,Gemma-4 family,localnewsqa_margin_switch,paired_metric_pp_gain,3.4310439393016026,3.1606130781887987,3.555518313120848,16409,3.4310439393016026,0.0,/path/to/metacul/results/final_benchmark_matrix/localnewsqa/gemma4_e4b/base/seed_41/target/localnewsqa_gemma4_e4b_base_with_metadata_target_matrix_gemma4_e4b_base_seed41.jsonl|/path/to/metacul/results/final_benchmark_matrix/localnewsqa/gemma4_e4b/base/seed_41/contrast/localnewsqa_gemma4_e4b_base_with_metadata_contrast_matrix_gemma4_e4b_base_seed41.jsonl,/path/to/metacul/results/final_benchmark_matrix/localnewsqa/gemma4_e4b/base/seed_41/target/localnewsqa_gemma4_e4b_base_without_metadata_target_matrix_gemma4_e4b_base_seed41.jsonl|/path/to/metacul/results/final_benchmark_matrix/localnewsqa/gemma4_e4b/base/seed_41/contrast/localnewsqa_gemma4_e4b_base_without_metadata_contrast_matrix_gemma4_e4b_base_seed41.jsonl
gemma4_e4b,chat,Gemma-4-E4B-it,Gemma-4 family,localnewsqa_overall,accuracy_pp_gain,4.5213803869097395,4.309597480069131,4.688423370686291,35874,43.53849584657412,39.01711545966438,/path/to/metacul/results/downstream_localnewsqa_external_baselines_multiseed/seed_41/localnewsqa_gemma4_e4b_it_with_metadata_target.jsonl,/path/to/metacul/results/downstream_localnewsqa_external_baselines_multiseed/seed_41/localnewsqa_gemma4_e4b_it_without_metadata_target.jsonl
gemma4_e4b,chat,Gemma-4-E4B-it,Gemma-4 family,localnewsqa_ambiguous,accuracy_pp_gain,7.221646657322202,6.878085197147907,7.4687671399841555,16409,48.040709366810894,40.8190627094887,/path/to/metacul/results/downstream_localnewsqa_external_baselines_multiseed/seed_41/localnewsqa_gemma4_e4b_it_with_metadata_target.jsonl,/path/to/metacul/results/downstream_localnewsqa_external_baselines_multiseed/seed_41/localnewsqa_gemma4_e4b_it_without_metadata_target.jsonl
gemma4_e4b,chat,Gemma-4-E4B-it,Gemma-4 family,localnewsqa_explicit,accuracy_pp_gain,2.245055227331107,1.9184433598767017,2.5195222193680964,19465,39.74312869252504,37.49807346519394,/path/to/metacul/results/downstream_localnewsqa_external_baselines_multiseed/seed_41/localnewsqa_gemma4_e4b_it_with_metadata_target.jsonl,/path/to/metacul/results/downstream_localnewsqa_external_baselines_multiseed/seed_41/localnewsqa_gemma4_e4b_it_without_metadata_target.jsonl
gemma4_e4b,chat,Gemma-4-E4B-it,Gemma-4 family,localnewsqa_exact_pair,paired_metric_pp_gain,8.458772624779085,8.054573709549638,8.657748796392223,16409,8.458772624779085,0.0,/path/to/metacul/results/downstream_localnewsqa_external_baselines_multiseed/seed_41/localnewsqa_gemma4_e4b_it_with_metadata_target.jsonl|/path/to/metacul/results/downstream_localnewsqa_external_baselines_contrast_multiseed_rerun/seed_41/localnewsqa_gemma4_e4b_it_with_metadata_contrast.jsonl,/path/to/metacul/results/downstream_localnewsqa_external_baselines_multiseed/seed_41/localnewsqa_gemma4_e4b_it_without_metadata_target.jsonl|/path/to/metacul/results/downstream_localnewsqa_external_baselines_contrast_multiseed_rerun/seed_41/localnewsqa_gemma4_e4b_it_without_metadata_contrast.jsonl
gemma4_e4b,chat,Gemma-4-E4B-it,Gemma-4 family,localnewsqa_margin_switch,paired_metric_pp_gain,17.08818331403498,16.912822231702116,17.71070753854592,16409,17.08818331403498,0.0,/path/to/metacul/results/downstream_localnewsqa_external_baselines_multiseed/seed_41/localnewsqa_gemma4_e4b_it_with_metadata_target.jsonl|/path/to/metacul/results/downstream_localnewsqa_external_baselines_contrast_multiseed_rerun/seed_41/localnewsqa_gemma4_e4b_it_with_metadata_contrast.jsonl,/path/to/metacul/results/downstream_localnewsqa_external_baselines_multiseed/seed_41/localnewsqa_gemma4_e4b_it_without_metadata_target.jsonl|/path/to/metacul/results/downstream_localnewsqa_external_baselines_contrast_multiseed_rerun/seed_41/localnewsqa_gemma4_e4b_it_without_metadata_contrast.jsonl
ministral3_3b,base,Ministral-3-3B Base,Ministral family,localnewsqa_overall,accuracy_pp_gain,2.1631264982996043,1.9474410436527847,2.243337793387969,35874,40.88755087249819,38.724424374198584,/path/to/metacul/results/final_benchmark_matrix/localnewsqa/ministral3_3b/base/seed_41/target/localnewsqa_ministral3_3b_base_with_metadata_target_matrix_ministral3_3b_base_seed41.jsonl,/path/to/metacul/results/final_benchmark_matrix/localnewsqa/ministral3_3b/base/seed_41/target/localnewsqa_ministral3_3b_base_without_metadata_target_matrix_ministral3_3b_base_seed41.jsonl
ministral3_3b,base,Ministral-3-3B Base,Ministral family,localnewsqa_ambiguous,accuracy_pp_gain,5.003351819123652,4.58818331403498,5.653757084526784,16409,45.16423913705893,40.16088731793528,/path/to/metacul/results/final_benchmark_matrix/localnewsqa/ministral3_3b/base/seed_41/target/localnewsqa_ministral3_3b_base_with_metadata_target_matrix_ministral3_3b_base_seed41.jsonl,/path/to/metacul/results/final_benchmark_matrix/localnewsqa/ministral3_3b/base/seed_41/target/localnewsqa_ministral3_3b_base_without_metadata_target_matrix_ministral3_3b_base_seed41.jsonl
ministral3_3b,base,Ministral-3-3B Base,Ministral family,localnewsqa_explicit,accuracy_pp_gain,-0.23118417672745953,-0.5710249165168251,0.06087849987156438,19465,37.282301566914974,37.513485743642434,/path/to/metacul/results/final_benchmark_matrix/localnewsqa/ministral3_3b/base/seed_41/target/localnewsqa_ministral3_3b_base_with_metadata_target_matrix_ministral3_3b_base_seed41.jsonl,/path/to/metacul/results/final_benchmark_matrix/localnewsqa/ministral3_3b/base/seed_41/target/localnewsqa_ministral3_3b_base_without_metadata_target_matrix_ministral3_3b_base_seed41.jsonl
ministral3_3b,base,Ministral-3-3B Base,Ministral family,localnewsqa_exact_pair,paired_metric_pp_gain,5.271497349015784,5.078767749405814,5.565848010238284,16409,5.271497349015784,0.0,/path/to/metacul/results/final_benchmark_matrix/localnewsqa/ministral3_3b/base/seed_41/target/localnewsqa_ministral3_3b_base_with_metadata_target_matrix_ministral3_3b_base_seed41.jsonl|/path/to/metacul/results/final_benchmark_matrix/localnewsqa/ministral3_3b/base/seed_41/contrast/localnewsqa_ministral3_3b_base_with_metadata_contrast_matrix_ministral3_3b_base_seed41.jsonl,/path/to/metacul/results/final_benchmark_matrix/localnewsqa/ministral3_3b/base/seed_41/target/localnewsqa_ministral3_3b_base_without_metadata_target_matrix_ministral3_3b_base_seed41.jsonl|/path/to/metacul/results/final_benchmark_matrix/localnewsqa/ministral3_3b/base/seed_41/contrast/localnewsqa_ministral3_3b_base_without_metadata_contrast_matrix_ministral3_3b_base_seed41.jsonl
ministral3_3b,base,Ministral-3-3B Base,Ministral family,localnewsqa_margin_switch,paired_metric_pp_gain,11.975135596319094,11.77585471387653,12.337893838747028,16409,11.975135596319094,0.0,/path/to/metacul/results/final_benchmark_matrix/localnewsqa/ministral3_3b/base/seed_41/target/localnewsqa_ministral3_3b_base_with_metadata_target_matrix_ministral3_3b_base_seed41.jsonl|/path/to/metacul/results/final_benchmark_matrix/localnewsqa/ministral3_3b/base/seed_41/contrast/localnewsqa_ministral3_3b_base_with_metadata_contrast_matrix_ministral3_3b_base_seed41.jsonl,/path/to/metacul/results/final_benchmark_matrix/localnewsqa/ministral3_3b/base/seed_41/target/localnewsqa_ministral3_3b_base_without_metadata_target_matrix_ministral3_3b_base_seed41.jsonl|/path/to/metacul/results/final_benchmark_matrix/localnewsqa/ministral3_3b/base/seed_41/contrast/localnewsqa_ministral3_3b_base_without_metadata_contrast_matrix_ministral3_3b_base_seed41.jsonl
ministral3_3b,chat,Ministral-3-3B Inst.,Ministral family,localnewsqa_overall,accuracy_pp_gain,3.052349891286168,2.855549980487261,3.188869376149858,35874,41.85761275575626,38.805262864470095,/path/to/metacul/results/final_benchmark_matrix/localnewsqa/ministral3_3b/chat/seed_41/target/localnewsqa_ministral3_3b_chat_with_metadata_target_matrix_ministral3_3b_chat_seed41.jsonl,/path/to/metacul/results/final_benchmark_matrix/localnewsqa/ministral3_3b/chat/seed_41/target/localnewsqa_ministral3_3b_chat_without_metadata_target_matrix_ministral3_3b_chat_seed41.jsonl
ministral3_3b,chat,Ministral-3-3B Inst.,Ministral family,localnewsqa_ambiguous,accuracy_pp_gain,5.789505759034676,5.32725943080017,6.224480468035834,16409,46.468401486988846,40.67889572795417,/path/to/metacul/results/final_benchmark_matrix/localnewsqa/ministral3_3b/chat/seed_41/target/localnewsqa_ministral3_3b_chat_with_metadata_target_matrix_ministral3_3b_chat_seed41.jsonl,/path/to/metacul/results/final_benchmark_matrix/localnewsqa/ministral3_3b/chat/seed_41/target/localnewsqa_ministral3_3b_chat_without_metadata_target_matrix_ministral3_3b_chat_seed41.jsonl
ministral3_3b,chat,Ministral-3-3B Inst.,Ministral family,localnewsqa_explicit,accuracy_pp_gain,0.7449267916773696,0.5127151297200103,1.0125866940662727,19465,37.97071667094786,37.225789879270486,/path/to/metacul/results/final_benchmark_matrix/localnewsqa/ministral3_3b/chat/seed_41/target/localnewsqa_ministral3_3b_chat_with_metadata_target_matrix_ministral3_3b_chat_seed41.jsonl,/path/to/metacul/results/final_benchmark_matrix/localnewsqa/ministral3_3b/chat/seed_41/target/localnewsqa_ministral3_3b_chat_without_metadata_target_matrix_ministral3_3b_chat_seed41.jsonl
ministral3_3b,chat,Ministral-3-3B Inst.,Ministral family,localnewsqa_exact_pair,paired_metric_pp_gain,6.563471265768786,6.280090194405508,6.842129319276007,16409,6.563471265768786,0.0,/path/to/metacul/results/final_benchmark_matrix/localnewsqa/ministral3_3b/chat/seed_41/target/localnewsqa_ministral3_3b_chat_with_metadata_target_matrix_ministral3_3b_chat_seed41.jsonl|/path/to/metacul/results/final_benchmark_matrix/localnewsqa/ministral3_3b/chat/seed_41/contrast/localnewsqa_ministral3_3b_chat_with_metadata_contrast_matrix_ministral3_3b_chat_seed41.jsonl,/path/to/metacul/results/final_benchmark_matrix/localnewsqa/ministral3_3b/chat/seed_41/target/localnewsqa_ministral3_3b_chat_without_metadata_target_matrix_ministral3_3b_chat_seed41.jsonl|/path/to/metacul/results/final_benchmark_matrix/localnewsqa/ministral3_3b/chat/seed_41/contrast/localnewsqa_ministral3_3b_chat_without_metadata_contrast_matrix_ministral3_3b_chat_seed41.jsonl
ministral3_3b,chat,Ministral-3-3B Inst.,Ministral family,localnewsqa_margin_switch,paired_metric_pp_gain,14.534706563471268,13.793345115485403,15.090803827168019,16409,14.534706563471268,0.0,/path/to/metacul/results/final_benchmark_matrix/localnewsqa/ministral3_3b/chat/seed_41/target/localnewsqa_ministral3_3b_chat_with_metadata_target_matrix_ministral3_3b_chat_seed41.jsonl|/path/to/metacul/results/final_benchmark_matrix/localnewsqa/ministral3_3b/chat/seed_41/contrast/localnewsqa_ministral3_3b_chat_with_metadata_contrast_matrix_ministral3_3b_chat_seed41.jsonl,/path/to/metacul/results/final_benchmark_matrix/localnewsqa/ministral3_3b/chat/seed_41/target/localnewsqa_ministral3_3b_chat_without_metadata_target_matrix_ministral3_3b_chat_seed41.jsonl|/path/to/metacul/results/final_benchmark_matrix/localnewsqa/ministral3_3b/chat/seed_41/contrast/localnewsqa_ministral3_3b_chat_without_metadata_contrast_matrix_ministral3_3b_chat_seed41.jsonl
